/* SPDX-License-Identifier: (LGPL-2.1 OR BSD-2-Clause) */

/* THIS FILE IS AUTOGENERATED BY BPFTOOL! */
#ifndef __CREATE_MAPS_BPF_SKEL_H__
#define __CREATE_MAPS_BPF_SKEL_H__

#include <errno.h>
#include <stdlib.h>
#include <bpf/libbpf.h>

#define BPF_SKEL_SUPPORTS_MAP_AUTO_ATTACH 1

struct create_maps_bpf {
	struct bpf_object_skeleton *skeleton;
	struct bpf_object *obj;
	struct {
		struct bpf_map *vcpus;
		struct bpf_map *vms;
		struct bpf_map *map_registry;
		struct bpf_map *rodata;
	} maps;
	struct {
		struct bpf_program *handle_switch;
	} progs;
	struct {
		struct bpf_link *handle_switch;
	} links;

#ifdef __cplusplus
	static inline struct create_maps_bpf *open(const struct bpf_object_open_opts *opts = nullptr);
	static inline struct create_maps_bpf *open_and_load();
	static inline int load(struct create_maps_bpf *skel);
	static inline int attach(struct create_maps_bpf *skel);
	static inline void detach(struct create_maps_bpf *skel);
	static inline void destroy(struct create_maps_bpf *skel);
	static inline const void *elf_bytes(size_t *sz);
#endif /* __cplusplus */
};

static void
create_maps_bpf__destroy(struct create_maps_bpf *obj)
{
	if (!obj)
		return;
	if (obj->skeleton)
		bpf_object__destroy_skeleton(obj->skeleton);
	free(obj);
}

static inline int
create_maps_bpf__create_skeleton(struct create_maps_bpf *obj);

static inline struct create_maps_bpf *
create_maps_bpf__open_opts(const struct bpf_object_open_opts *opts)
{
	struct create_maps_bpf *obj;
	int err;

	obj = (struct create_maps_bpf *)calloc(1, sizeof(*obj));
	if (!obj) {
		errno = ENOMEM;
		return NULL;
	}

	err = create_maps_bpf__create_skeleton(obj);
	if (err)
		goto err_out;

	err = bpf_object__open_skeleton(obj->skeleton, opts);
	if (err)
		goto err_out;

	return obj;
err_out:
	create_maps_bpf__destroy(obj);
	errno = -err;
	return NULL;
}

static inline struct create_maps_bpf *
create_maps_bpf__open(void)
{
	return create_maps_bpf__open_opts(NULL);
}

static inline int
create_maps_bpf__load(struct create_maps_bpf *obj)
{
	return bpf_object__load_skeleton(obj->skeleton);
}

static inline struct create_maps_bpf *
create_maps_bpf__open_and_load(void)
{
	struct create_maps_bpf *obj;
	int err;

	obj = create_maps_bpf__open();
	if (!obj)
		return NULL;
	err = create_maps_bpf__load(obj);
	if (err) {
		create_maps_bpf__destroy(obj);
		errno = -err;
		return NULL;
	}
	return obj;
}

static inline int
create_maps_bpf__attach(struct create_maps_bpf *obj)
{
	return bpf_object__attach_skeleton(obj->skeleton);
}

static inline void
create_maps_bpf__detach(struct create_maps_bpf *obj)
{
	bpf_object__detach_skeleton(obj->skeleton);
}

static inline const void *create_maps_bpf__elf_bytes(size_t *sz);

static inline int
create_maps_bpf__create_skeleton(struct create_maps_bpf *obj)
{
	struct bpf_object_skeleton *s;
	struct bpf_map_skeleton *map __attribute__((unused));
	int err;

	s = (struct bpf_object_skeleton *)calloc(1, sizeof(*s));
	if (!s)	{
		err = -ENOMEM;
		goto err;
	}

	s->sz = sizeof(*s);
	s->name = "create_maps_bpf";
	s->obj = &obj->obj;

	/* maps */
	s->map_cnt = 4;
	s->map_skel_sz = 24;
	s->maps = (struct bpf_map_skeleton *)calloc(s->map_cnt,
			sizeof(*s->maps) > 24 ? sizeof(*s->maps) : 24);
	if (!s->maps) {
		err = -ENOMEM;
		goto err;
	}

	map = (struct bpf_map_skeleton *)((char *)s->maps + 0 * s->map_skel_sz);
	map->name = "vcpus";
	map->map = &obj->maps.vcpus;

	map = (struct bpf_map_skeleton *)((char *)s->maps + 1 * s->map_skel_sz);
	map->name = "vms";
	map->map = &obj->maps.vms;

	map = (struct bpf_map_skeleton *)((char *)s->maps + 2 * s->map_skel_sz);
	map->name = "map_registry";
	map->map = &obj->maps.map_registry;

	map = (struct bpf_map_skeleton *)((char *)s->maps + 3 * s->map_skel_sz);
	map->name = "create_m.rodata";
	map->map = &obj->maps.rodata;

	/* programs */
	s->prog_cnt = 1;
	s->prog_skel_sz = sizeof(*s->progs);
	s->progs = (struct bpf_prog_skeleton *)calloc(s->prog_cnt, s->prog_skel_sz);
	if (!s->progs) {
		err = -ENOMEM;
		goto err;
	}

	s->progs[0].name = "handle_switch";
	s->progs[0].prog = &obj->progs.handle_switch;
	s->progs[0].link = &obj->links.handle_switch;

	s->data = create_maps_bpf__elf_bytes(&s->data_sz);

	obj->skeleton = s;
	return 0;
err:
	bpf_object__destroy_skeleton(s);
	return err;
}

static inline const void *create_maps_bpf__elf_bytes(size_t *sz)
{
	static const char data[] __attribute__((__aligned__(8))) = "\
\x7f\x45\x4c\x46\x02\x01\x01\0\0\0\0\0\0\0\0\0\x01\0\xf7\0\x01\0\0\0\0\0\0\0\0\
\0\0\0\0\0\0\0\0\0\0\0\x70\x99\0\0\0\0\0\0\0\0\0\0\x40\0\0\0\0\0\x40\0\x1d\0\
\x01\0\xbf\x16\0\0\0\0\0\0\xb7\x01\0\0\0\0\0\0\x7b\x1a\xf0\xff\0\0\0\0\x7b\x1a\
\xe8\xff\0\0\0\0\x7b\x1a\xe0\xff\0\0\0\0\x7b\x1a\xd8\xff\0\0\0\0\x7b\x1a\xd0\
\xff\0\0\0\0\x7b\x1a\xc8\xff\0\0\0\0\x7b\x1a\xc0\xff\0\0\0\0\x7b\x1a\xb8\xff\0\
\0\0\0\x7b\x1a\xb0\xff\0\0\0\0\x7b\x1a\xa8\xff\0\0\0\0\x7b\x1a\xa0\xff\0\0\0\0\
\x7b\x1a\x98\xff\0\0\0\0\x7b\x1a\x90\xff\0\0\0\0\x7b\x1a\x88\xff\0\0\0\0\x7b\
\x1a\x80\xff\0\0\0\0\x7b\x1a\x78\xff\0\0\0\0\x7b\x1a\x68\xff\0\0\0\0\x7b\x1a\
\x60\xff\0\0\0\0\x85\0\0\0\x05\0\0\0\x61\x61\x38\0\0\0\0\0\x63\x1a\xfc\xff\0\0\
\0\0\x61\x61\x18\0\0\0\0\0\x63\x1a\xf8\xff\0\0\0\0\xbf\xa2\0\0\0\0\0\0\x07\x02\
\0\0\xfc\xff\xff\xff\x18\x01\0\0\0\0\0\0\0\0\0\0\0\0\0\0\x85\0\0\0\x01\0\0\0\
\xbf\x07\0\0\0\0\0\0\x15\x07\xae\x01\0\0\0\0\xbf\x78\0\0\0\0\0\0\x07\x08\0\0\
\x04\0\0\0\x18\x01\0\0\0\0\0\0\0\0\0\0\0\0\0\0\xbf\x82\0\0\0\0\0\0\x85\0\0\0\
\x01\0\0\0\xbf\x06\0\0\0\0\0\0\x15\x06\xa6\x01\0\0\0\0\x79\x69\x80\0\0\0\0\0\
\xc5\x09\x0f\0\x01\0\0\0\xb4\x02\0\0\0\0\0\0\xbf\x91\0\0\0\0\0\0\x05\0\x05\0\0\
\0\0\0\x79\x69\x80\0\0\0\0\0\x26\x02\x0a\0\x06\0\0\0\x04\x02\0\0\x01\0\0\0\xbf\
\x91\0\0\0\0\0\0\xc5\x09\x07\0\x01\0\0\0\x07\x09\0\0\xff\xff\xff\xff\xbf\x10\0\
\0\0\0\0\0\xdb\x96\x80\0\xf1\0\0\0\xb4\x03\0\0\x01\0\0\0\x1d\x10\x01\0\0\0\0\0\
\xb4\x03\0\0\0\0\0\0\x56\x03\xf4\xff\x01\0\0\0\xb4\x01\0\0\0\0\0\0\x71\x82\0\0\
\0\0\0\0\x73\x2a\x78\xff\0\0\0\0\x73\x2a\xb8\xff\0\0\0\0\xb4\x03\0\0\0\0\0\0\
\x16\x02\x2d\x01\0\0\0\0\xb4\x03\0\0\x01\0\0\0\x71\x72\x05\0\0\0\0\0\x73\x2a\
\x79\xff\0\0\0\0\x73\x2a\xb9\xff\0\0\0\0\x16\x02\x28\x01\0\0\0\0\xb4\x03\0\0\
\x02\0\0\0\x71\x72\x06\0\0\0\0\0\x73\x2a\x7a\xff\0\0\0\0\x73\x2a\xba\xff\0\0\0\
\0\x16\x02\x23\x01\0\0\0\0\xb4\x03\0\0\x03\0\0\0\x71\x72\x07\0\0\0\0\0\x73\x2a\
\x7b\xff\0\0\0\0\x73\x2a\xbb\xff\0\0\0\0\x16\x02\x1e\x01\0\0\0\0\xb4\x03\0\0\
\x04\0\0\0\x71\x72\x08\0\0\0\0\0\x73\x2a\x7c\xff\0\0\0\0\x73\x2a\xbc\xff\0\0\0\
\0\x16\x02\x19\x01\0\0\0\0\xb4\x03\0\0\x05\0\0\0\x71\x72\x09\0\0\0\0\0\x73\x2a\
\x7d\xff\0\0\0\0\x73\x2a\xbd\xff\0\0\0\0\x16\x02\x14\x01\0\0\0\0\xb4\x03\0\0\
\x06\0\0\0\x71\x72\x0a\0\0\0\0\0\x73\x2a\x7e\xff\0\0\0\0\x73\x2a\xbe\xff\0\0\0\
\0\x16\x02\x0f\x01\0\0\0\0\xb4\x03\0\0\x07\0\0\0\x71\x72\x0b\0\0\0\0\0\x73\x2a\
\x7f\xff\0\0\0\0\x73\x2a\xbf\xff\0\0\0\0\x16\x02\x0a\x01\0\0\0\0\xb4\x03\0\0\
\x08\0\0\0\x71\x72\x0c\0\0\0\0\0\x73\x2a\x80\xff\0\0\0\0\x73\x2a\xc0\xff\0\0\0\
\0\x16\x02\x05\x01\0\0\0\0\xb4\x03\0\0\x09\0\0\0\x71\x72\x0d\0\0\0\0\0\x73\x2a\
\x81\xff\0\0\0\0\x73\x2a\xc1\xff\0\0\0\0\x16\x02\0\x01\0\0\0\0\xb4\x03\0\0\x0a\
\0\0\0\x71\x72\x0e\0\0\0\0\0\x73\x2a\x82\xff\0\0\0\0\x73\x2a\xc2\xff\0\0\0\0\
\x16\x02\xfb\0\0\0\0\0\xb4\x03\0\0\x0b\0\0\0\x71\x72\x0f\0\0\0\0\0\x73\x2a\x83\
\xff\0\0\0\0\x73\x2a\xc3\xff\0\0\0\0\x16\x02\xf6\0\0\0\0\0\xb4\x03\0\0\x0c\0\0\
\0\x71\x72\x10\0\0\0\0\0\x73\x2a\x84\xff\0\0\0\0\x73\x2a\xc4\xff\0\0\0\0\x16\
\x02\xf1\0\0\0\0\0\xb4\x03\0\0\x0d\0\0\0\x71\x72\x11\0\0\0\0\0\x73\x2a\x85\xff\
\0\0\0\0\x73\x2a\xc5\xff\0\0\0\0\x16\x02\xec\0\0\0\0\0\xb4\x03\0\0\x0e\0\0\0\
\x71\x72\x12\0\0\0\0\0\x73\x2a\x86\xff\0\0\0\0\x73\x2a\xc6\xff\0\0\0\0\x16\x02\
\xe7\0\0\0\0\0\xb4\x03\0\0\x0f\0\0\0\x71\x72\x13\0\0\0\0\0\x73\x2a\x87\xff\0\0\
\0\0\x73\x2a\xc7\xff\0\0\0\0\x16\x02\xe2\0\0\0\0\0\xb4\x03\0\0\x10\0\0\0\x71\
\x72\x14\0\0\0\0\0\x73\x2a\x88\xff\0\0\0\0\x73\x2a\xc8\xff\0\0\0\0\x16\x02\xdd\
\0\0\0\0\0\xb4\x03\0\0\x11\0\0\0\x71\x72\x15\0\0\0\0\0\x73\x2a\x89\xff\0\0\0\0\
\x73\x2a\xc9\xff\0\0\0\0\x16\x02\xd8\0\0\0\0\0\xb4\x03\0\0\x12\0\0\0\x71\x72\
\x16\0\0\0\0\0\x73\x2a\x8a\xff\0\0\0\0\x73\x2a\xca\xff\0\0\0\0\x16\x02\xd3\0\0\
\0\0\0\xb4\x03\0\0\x13\0\0\0\x71\x72\x17\0\0\0\0\0\x73\x2a\x8b\xff\0\0\0\0\x73\
\x2a\xcb\xff\0\0\0\0\x16\x02\xce\0\0\0\0\0\xb4\x03\0\0\x14\0\0\0\x71\x72\x18\0\
\0\0\0\0\x73\x2a\x8c\xff\0\0\0\0\x73\x2a\xcc\xff\0\0\0\0\x16\x02\xc9\0\0\0\0\0\
\xb4\x03\0\0\x15\0\0\0\x71\x72\x19\0\0\0\0\0\x73\x2a\x8d\xff\0\0\0\0\x73\x2a\
\xcd\xff\0\0\0\0\x16\x02\xc4\0\0\0\0\0\xb4\x03\0\0\x16\0\0\0\x71\x72\x1a\0\0\0\
\0\0\x73\x2a\x8e\xff\0\0\0\0\x73\x2a\xce\xff\0\0\0\0\x16\x02\xbf\0\0\0\0\0\xb4\
\x03\0\0\x17\0\0\0\x71\x72\x1b\0\0\0\0\0\x73\x2a\x8f\xff\0\0\0\0\x73\x2a\xcf\
\xff\0\0\0\0\x16\x02\xba\0\0\0\0\0\xb4\x03\0\0\x18\0\0\0\x71\x72\x1c\0\0\0\0\0\
\x73\x2a\x90\xff\0\0\0\0\x73\x2a\xd0\xff\0\0\0\0\x16\x02\xb5\0\0\0\0\0\xb4\x03\
\0\0\x19\0\0\0\x71\x72\x1d\0\0\0\0\0\x73\x2a\x91\xff\0\0\0\0\x73\x2a\xd1\xff\0\
\0\0\0\x16\x02\xb0\0\0\0\0\0\xb4\x03\0\0\x1a\0\0\0\x71\x72\x1e\0\0\0\0\0\x73\
\x2a\x92\xff\0\0\0\0\x73\x2a\xd2\xff\0\0\0\0\x16\x02\xab\0\0\0\0\0\xb4\x03\0\0\
\x1b\0\0\0\x71\x72\x1f\0\0\0\0\0\x73\x2a\x93\xff\0\0\0\0\x73\x2a\xd3\xff\0\0\0\
\0\x16\x02\xa6\0\0\0\0\0\xb4\x03\0\0\x1c\0\0\0\x71\x72\x20\0\0\0\0\0\x73\x2a\
\x94\xff\0\0\0\0\x73\x2a\xd4\xff\0\0\0\0\x16\x02\xa1\0\0\0\0\0\xb4\x03\0\0\x1d\
\0\0\0\x71\x72\x21\0\0\0\0\0\x73\x2a\x95\xff\0\0\0\0\x73\x2a\xd5\xff\0\0\0\0\
\x16\x02\x9c\0\0\0\0\0\xb4\x03\0\0\x1e\0\0\0\x71\x72\x22\0\0\0\0\0\x73\x2a\x96\
\xff\0\0\0\0\x73\x2a\xd6\xff\0\0\0\0\x16\x02\x97\0\0\0\0\0\xb4\x03\0\0\x1f\0\0\
\0\x71\x72\x23\0\0\0\0\0\x73\x2a\x97\xff\0\0\0\0\x73\x2a\xd7\xff\0\0\0\0\x16\
\x02\x92\0\0\0\0\0\xb4\x03\0\0\x20\0\0\0\x71\x72\x24\0\0\0\0\0\x73\x2a\x98\xff\
\0\0\0\0\x73\x2a\xd8\xff\0\0\0\0\x16\x02\x8d\0\0\0\0\0\xb4\x03\0\0\x21\0\0\0\
\x71\x72\x25\0\0\0\0\0\x73\x2a\x99\xff\0\0\0\0\x73\x2a\xd9\xff\0\0\0\0\x16\x02\
\x88\0\0\0\0\0\xb4\x03\0\0\x22\0\0\0\x71\x72\x26\0\0\0\0\0\x73\x2a\x9a\xff\0\0\
\0\0\x73\x2a\xda\xff\0\0\0\0\x16\x02\x83\0\0\0\0\0\xb4\x03\0\0\x23\0\0\0\x71\
\x72\x27\0\0\0\0\0\x73\x2a\x9b\xff\0\0\0\0\x73\x2a\xdb\xff\0\0\0\0\x16\x02\x7e\
\0\0\0\0\0\xb4\x03\0\0\x24\0\0\0\x71\x72\x28\0\0\0\0\0\x73\x2a\x9c\xff\0\0\0\0\
\x73\x2a\xdc\xff\0\0\0\0\x16\x02\x79\0\0\0\0\0\xb4\x03\0\0\x25\0\0\0\x71\x72\
\x29\0\0\0\0\0\x73\x2a\x9d\xff\0\0\0\0\x73\x2a\xdd\xff\0\0\0\0\x16\x02\x74\0\0\
\0\0\0\xb4\x03\0\0\x26\0\0\0\x71\x72\x2a\0\0\0\0\0\x73\x2a\x9e\xff\0\0\0\0\x73\
\x2a\xde\xff\0\0\0\0\x16\x02\x6f\0\0\0\0\0\xb4\x03\0\0\x27\0\0\0\x71\x72\x2b\0\
\0\0\0\0\x73\x2a\x9f\xff\0\0\0\0\x73\x2a\xdf\xff\0\0\0\0\x16\x02\x6a\0\0\0\0\0\
\xb4\x03\0\0\x28\0\0\0\x71\x72\x2c\0\0\0\0\0\x73\x2a\xa0\xff\0\0\0\0\x73\x2a\
\xe0\xff\0\0\0\0\x16\x02\x65\0\0\0\0\0\xb4\x03\0\0\x29\0\0\0\x71\x72\x2d\0\0\0\
\0\0\x73\x2a\xa1\xff\0\0\0\0\x73\x2a\xe1\xff\0\0\0\0\x16\x02\x60\0\0\0\0\0\xb4\
\x03\0\0\x2a\0\0\0\x71\x72\x2e\0\0\0\0\0\x73\x2a\xa2\xff\0\0\0\0\x73\x2a\xe2\
\xff\0\0\0\0\x16\x02\x5b\0\0\0\0\0\xb4\x03\0\0\x2b\0\0\0\x71\x72\x2f\0\0\0\0\0\
\x73\x2a\xa3\xff\0\0\0\0\x73\x2a\xe3\xff\0\0\0\0\x16\x02\x56\0\0\0\0\0\xb4\x03\
\0\0\x2c\0\0\0\x71\x72\x30\0\0\0\0\0\x73\x2a\xa4\xff\0\0\0\0\x73\x2a\xe4\xff\0\
\0\0\0\x16\x02\x51\0\0\0\0\0\xb4\x03\0\0\x2d\0\0\0\x71\x72\x31\0\0\0\0\0\x73\
\x2a\xa5\xff\0\0\0\0\x73\x2a\xe5\xff\0\0\0\0\x16\x02\x4c\0\0\0\0\0\xb4\x03\0\0\
\x2e\0\0\0\x71\x72\x32\0\0\0\0\0\x73\x2a\xa6\xff\0\0\0\0\x73\x2a\xe6\xff\0\0\0\
\0\x16\x02\x47\0\0\0\0\0\xb4\x03\0\0\x2f\0\0\0\x71\x72\x33\0\0\0\0\0\x73\x2a\
\xa7\xff\0\0\0\0\x73\x2a\xe7\xff\0\0\0\0\x16\x02\x42\0\0\0\0\0\xb4\x03\0\0\x30\
\0\0\0\x71\x72\x34\0\0\0\0\0\x73\x2a\xa8\xff\0\0\0\0\x73\x2a\xe8\xff\0\0\0\0\
\x16\x02\x3d\0\0\0\0\0\xb4\x03\0\0\x31\0\0\0\x71\x72\x35\0\0\0\0\0\x73\x2a\xa9\
\xff\0\0\0\0\x73\x2a\xe9\xff\0\0\0\0\x16\x02\x38\0\0\0\0\0\xb4\x03\0\0\x32\0\0\
\0\x71\x72\x36\0\0\0\0\0\x73\x2a\xaa\xff\0\0\0\0\x73\x2a\xea\xff\0\0\0\0\x16\
\x02\x33\0\0\0\0\0\xb4\x03\0\0\x33\0\0\0\x71\x72\x37\0\0\0\0\0\x73\x2a\xab\xff\
\0\0\0\0\x73\x2a\xeb\xff\0\0\0\0\x16\x02\x2e\0\0\0\0\0\xb4\x03\0\0\x34\0\0\0\
\x71\x72\x38\0\0\0\0\0\x73\x2a\xac\xff\0\0\0\0\x73\x2a\xec\xff\0\0\0\0\x16\x02\
\x29\0\0\0\0\0\xb4\x03\0\0\x35\0\0\0\x71\x72\x39\0\0\0\0\0\x73\x2a\xad\xff\0\0\
\0\0\x73\x2a\xed\xff\0\0\0\0\x16\x02\x24\0\0\0\0\0\xb4\x03\0\0\x36\0\0\0\x71\
\x72\x3a\0\0\0\0\0\x73\x2a\xae\xff\0\0\0\0\x73\x2a\xee\xff\0\0\0\0\x16\x02\x1f\
\0\0\0\0\0\xb4\x03\0\0\x37\0\0\0\x71\x72\x3b\0\0\0\0\0\x73\x2a\xaf\xff\0\0\0\0\
\x73\x2a\xef\xff\0\0\0\0\x16\x02\x1a\0\0\0\0\0\xb4\x03\0\0\x38\0\0\0\x71\x72\
\x3c\0\0\0\0\0\x73\x2a\xb0\xff\0\0\0\0\x73\x2a\xf0\xff\0\0\0\0\x16\x02\x15\0\0\
\0\0\0\xb4\x03\0\0\x39\0\0\0\x71\x72\x3d\0\0\0\0\0\x73\x2a\xb1\xff\0\0\0\0\x73\
\x2a\xf1\xff\0\0\0\0\x16\x02\x10\0\0\0\0\0\xb4\x03\0\0\x3a\0\0\0\x71\x72\x3e\0\
\0\0\0\0\x73\x2a\xb2\xff\0\0\0\0\x73\x2a\xf2\xff\0\0\0\0\x16\x02\x0b\0\0\0\0\0\
\xb4\x03\0\0\x3b\0\0\0\x71\x72\x3f\0\0\0\0\0\x73\x2a\xb3\xff\0\0\0\0\x73\x2a\
\xf3\xff\0\0\0\0\x16\x02\x06\0\0\0\0\0\xb4\x03\0\0\x3c\0\0\0\x71\x72\x40\0\0\0\
\0\0\x73\x2a\xb4\xff\0\0\0\0\x73\x2a\xf4\xff\0\0\0\0\x16\x02\x01\0\0\0\0\0\xb4\
\x03\0\0\x3d\0\0\0\xbf\xa2\0\0\0\0\0\0\x07\x02\0\0\xb8\xff\xff\xff\xbf\x24\0\0\
\0\0\0\0\x0f\x34\0\0\0\0\0\0\xb4\x05\0\0\x5f\0\0\0\x73\x54\0\0\0\0\0\0\xbf\xa4\
\0\0\0\0\0\0\x07\x04\0\0\x78\xff\xff\xff\xbf\x40\0\0\0\0\0\0\x0f\x30\0\0\0\0\0\
\0\x73\x50\0\0\0\0\0\0\xbc\x35\0\0\0\0\0\0\x04\x05\0\0\x01\0\0\0\xbf\x20\0\0\0\
\0\0\0\x0f\x50\0\0\0\0\0\0\xb4\x07\0\0\x63\0\0\0\x73\x70\0\0\0\0\0\0\xbf\x40\0\
\0\0\0\0\0\x0f\x50\0\0\0\0\0\0\xb4\x05\0\0\x70\0\0\0\x73\x50\0\0\0\0\0\0\x04\
\x03\0\0\x02\0\0\0\xbf\x25\0\0\0\0\0\0\x0f\x35\0\0\0\0\0\0\x73\x15\0\0\0\0\0\0\
\x0f\x34\0\0\0\0\0\0\x73\x14\0\0\0\0\0\0\x18\x01\0\0\0\0\0\0\0\0\0\0\0\0\0\0\
\x85\0\0\0\x01\0\0\0\x55\0\x04\0\0\0\0\0\x18\x01\0\0\0\0\0\0\0\0\0\0\0\0\0\0\
\xb4\x02\0\0\x21\0\0\0\x85\0\0\0\x06\0\0\0\xbf\xa2\0\0\0\0\0\0\x07\x02\0\0\x78\
\xff\xff\xff\x18\x01\0\0\0\0\0\0\0\0\0\0\0\0\0\0\x85\0\0\0\x01\0\0\0\x55\0\x04\
\0\0\0\0\0\x18\x01\0\0\x21\0\0\0\0\0\0\0\0\0\0\0\xb4\x02\0\0\x21\0\0\0\x85\0\0\
\0\x06\0\0\0\x61\x61\x90\0\0\0\0\0\x56\x01\x19\0\x01\0\0\0\xbf\xa2\0\0\0\0\0\0\
\x07\x02\0\0\xb8\xff\xff\xff\x18\x01\0\0\0\0\0\0\0\0\0\0\0\0\0\0\x85\0\0\0\x01\
\0\0\0\xbf\x07\0\0\0\0\0\0\x15\x07\x2c\0\0\0\0\0\xb4\x01\0\0\x01\0\0\0\xc3\x16\
\x88\0\x01\0\0\0\x63\x1a\x74\xff\0\0\0\0\x85\0\0\0\x05\0\0\0\x7b\x0a\x68\xff\0\
\0\0\0\x7b\x9a\x60\xff\0\0\0\0\xbf\xa2\0\0\0\0\0\0\x07\x02\0\0\x74\xff\xff\xff\
\xbf\xa3\0\0\0\0\0\0\x07\x03\0\0\x60\xff\xff\xff\xbf\x71\0\0\0\0\0\0\xb7\x04\0\
\0\0\0\0\0\x85\0\0\0\x02\0\0\0\x79\xa3\x60\xff\0\0\0\0\x61\xa4\x74\xff\0\0\0\0\
\x18\x01\0\0\x42\0\0\0\0\0\0\0\0\0\0\0\x05\0\x18\0\0\0\0\0\xbf\xa2\0\0\0\0\0\0\
\x07\x02\0\0\x78\xff\xff\xff\x18\x01\0\0\0\0\0\0\0\0\0\0\0\0\0\0\x85\0\0\0\x01\
\0\0\0\xbf\x07\0\0\0\0\0\0\x15\x07\x13\0\0\0\0\0\xb4\x01\0\0\x01\0\0\0\xc3\x16\
\x8c\0\x01\0\0\0\x63\x1a\x74\xff\0\0\0\0\x85\0\0\0\x05\0\0\0\x7b\x0a\x68\xff\0\
\0\0\0\x7b\x9a\x60\xff\0\0\0\0\xbf\xa2\0\0\0\0\0\0\x07\x02\0\0\x74\xff\xff\xff\
\xbf\xa3\0\0\0\0\0\0\x07\x03\0\0\x60\xff\xff\xff\xbf\x71\0\0\0\0\0\0\xb7\x04\0\
\0\0\0\0\0\x85\0\0\0\x02\0\0\0\x79\xa3\x60\xff\0\0\0\0\x61\xa4\x74\xff\0\0\0\0\
\x18\x01\0\0\x7b\0\0\0\0\0\0\0\0\0\0\0\xb4\x02\0\0\x39\0\0\0\x85\0\0\0\x06\0\0\
\0\xbf\xa2\0\0\0\0\0\0\x07\x02\0\0\xf8\xff\xff\xff\x18\x01\0\0\0\0\0\0\0\0\0\0\
\0\0\0\0\x85\0\0\0\x01\0\0\0\xbf\x07\0\0\0\0\0\0\x15\x07\xa0\x01\0\0\0\0\xbf\
\x78\0\0\0\0\0\0\x07\x08\0\0\x04\0\0\0\x18\x01\0\0\0\0\0\0\0\0\0\0\0\0\0\0\xbf\
\x82\0\0\0\0\0\0\x85\0\0\0\x01\0\0\0\xbf\x06\0\0\0\0\0\0\x15\x06\x98\x01\0\0\0\
\0\xb7\x09\0\0\x01\0\0\0\xdb\x96\x80\0\x01\0\0\0\xb4\x01\0\0\0\0\0\0\x71\x82\0\
\0\0\0\0\0\x73\x2a\x78\xff\0\0\0\0\x73\x2a\xb8\xff\0\0\0\0\xb4\x03\0\0\0\0\0\0\
\x16\x02\x2d\x01\0\0\0\0\xb4\x03\0\0\x01\0\0\0\x71\x72\x05\0\0\0\0\0\x73\x2a\
\x79\xff\0\0\0\0\x73\x2a\xb9\xff\0\0\0\0\x16\x02\x28\x01\0\0\0\0\xb4\x03\0\0\
\x02\0\0\0\x71\x72\x06\0\0\0\0\0\x73\x2a\x7a\xff\0\0\0\0\x73\x2a\xba\xff\0\0\0\
\0\x16\x02\x23\x01\0\0\0\0\xb4\x03\0\0\x03\0\0\0\x71\x72\x07\0\0\0\0\0\x73\x2a\
\x7b\xff\0\0\0\0\x73\x2a\xbb\xff\0\0\0\0\x16\x02\x1e\x01\0\0\0\0\xb4\x03\0\0\
\x04\0\0\0\x71\x72\x08\0\0\0\0\0\x73\x2a\x7c\xff\0\0\0\0\x73\x2a\xbc\xff\0\0\0\
\0\x16\x02\x19\x01\0\0\0\0\xb4\x03\0\0\x05\0\0\0\x71\x72\x09\0\0\0\0\0\x73\x2a\
\x7d\xff\0\0\0\0\x73\x2a\xbd\xff\0\0\0\0\x16\x02\x14\x01\0\0\0\0\xb4\x03\0\0\
\x06\0\0\0\x71\x72\x0a\0\0\0\0\0\x73\x2a\x7e\xff\0\0\0\0\x73\x2a\xbe\xff\0\0\0\
\0\x16\x02\x0f\x01\0\0\0\0\xb4\x03\0\0\x07\0\0\0\x71\x72\x0b\0\0\0\0\0\x73\x2a\
\x7f\xff\0\0\0\0\x73\x2a\xbf\xff\0\0\0\0\x16\x02\x0a\x01\0\0\0\0\xb4\x03\0\0\
\x08\0\0\0\x71\x72\x0c\0\0\0\0\0\x73\x2a\x80\xff\0\0\0\0\x73\x2a\xc0\xff\0\0\0\
\0\x16\x02\x05\x01\0\0\0\0\xb4\x03\0\0\x09\0\0\0\x71\x72\x0d\0\0\0\0\0\x73\x2a\
\x81\xff\0\0\0\0\x73\x2a\xc1\xff\0\0\0\0\x16\x02\0\x01\0\0\0\0\xb4\x03\0\0\x0a\
\0\0\0\x71\x72\x0e\0\0\0\0\0\x73\x2a\x82\xff\0\0\0\0\x73\x2a\xc2\xff\0\0\0\0\
\x16\x02\xfb\0\0\0\0\0\xb4\x03\0\0\x0b\0\0\0\x71\x72\x0f\0\0\0\0\0\x73\x2a\x83\
\xff\0\0\0\0\x73\x2a\xc3\xff\0\0\0\0\x16\x02\xf6\0\0\0\0\0\xb4\x03\0\0\x0c\0\0\
\0\x71\x72\x10\0\0\0\0\0\x73\x2a\x84\xff\0\0\0\0\x73\x2a\xc4\xff\0\0\0\0\x16\
\x02\xf1\0\0\0\0\0\xb4\x03\0\0\x0d\0\0\0\x71\x72\x11\0\0\0\0\0\x73\x2a\x85\xff\
\0\0\0\0\x73\x2a\xc5\xff\0\0\0\0\x16\x02\xec\0\0\0\0\0\xb4\x03\0\0\x0e\0\0\0\
\x71\x72\x12\0\0\0\0\0\x73\x2a\x86\xff\0\0\0\0\x73\x2a\xc6\xff\0\0\0\0\x16\x02\
\xe7\0\0\0\0\0\xb4\x03\0\0\x0f\0\0\0\x71\x72\x13\0\0\0\0\0\x73\x2a\x87\xff\0\0\
\0\0\x73\x2a\xc7\xff\0\0\0\0\x16\x02\xe2\0\0\0\0\0\xb4\x03\0\0\x10\0\0\0\x71\
\x72\x14\0\0\0\0\0\x73\x2a\x88\xff\0\0\0\0\x73\x2a\xc8\xff\0\0\0\0\x16\x02\xdd\
\0\0\0\0\0\xb4\x03\0\0\x11\0\0\0\x71\x72\x15\0\0\0\0\0\x73\x2a\x89\xff\0\0\0\0\
\x73\x2a\xc9\xff\0\0\0\0\x16\x02\xd8\0\0\0\0\0\xb4\x03\0\0\x12\0\0\0\x71\x72\
\x16\0\0\0\0\0\x73\x2a\x8a\xff\0\0\0\0\x73\x2a\xca\xff\0\0\0\0\x16\x02\xd3\0\0\
\0\0\0\xb4\x03\0\0\x13\0\0\0\x71\x72\x17\0\0\0\0\0\x73\x2a\x8b\xff\0\0\0\0\x73\
\x2a\xcb\xff\0\0\0\0\x16\x02\xce\0\0\0\0\0\xb4\x03\0\0\x14\0\0\0\x71\x72\x18\0\
\0\0\0\0\x73\x2a\x8c\xff\0\0\0\0\x73\x2a\xcc\xff\0\0\0\0\x16\x02\xc9\0\0\0\0\0\
\xb4\x03\0\0\x15\0\0\0\x71\x72\x19\0\0\0\0\0\x73\x2a\x8d\xff\0\0\0\0\x73\x2a\
\xcd\xff\0\0\0\0\x16\x02\xc4\0\0\0\0\0\xb4\x03\0\0\x16\0\0\0\x71\x72\x1a\0\0\0\
\0\0\x73\x2a\x8e\xff\0\0\0\0\x73\x2a\xce\xff\0\0\0\0\x16\x02\xbf\0\0\0\0\0\xb4\
\x03\0\0\x17\0\0\0\x71\x72\x1b\0\0\0\0\0\x73\x2a\x8f\xff\0\0\0\0\x73\x2a\xcf\
\xff\0\0\0\0\x16\x02\xba\0\0\0\0\0\xb4\x03\0\0\x18\0\0\0\x71\x72\x1c\0\0\0\0\0\
\x73\x2a\x90\xff\0\0\0\0\x73\x2a\xd0\xff\0\0\0\0\x16\x02\xb5\0\0\0\0\0\xb4\x03\
\0\0\x19\0\0\0\x71\x72\x1d\0\0\0\0\0\x73\x2a\x91\xff\0\0\0\0\x73\x2a\xd1\xff\0\
\0\0\0\x16\x02\xb0\0\0\0\0\0\xb4\x03\0\0\x1a\0\0\0\x71\x72\x1e\0\0\0\0\0\x73\
\x2a\x92\xff\0\0\0\0\x73\x2a\xd2\xff\0\0\0\0\x16\x02\xab\0\0\0\0\0\xb4\x03\0\0\
\x1b\0\0\0\x71\x72\x1f\0\0\0\0\0\x73\x2a\x93\xff\0\0\0\0\x73\x2a\xd3\xff\0\0\0\
\0\x16\x02\xa6\0\0\0\0\0\xb4\x03\0\0\x1c\0\0\0\x71\x72\x20\0\0\0\0\0\x73\x2a\
\x94\xff\0\0\0\0\x73\x2a\xd4\xff\0\0\0\0\x16\x02\xa1\0\0\0\0\0\xb4\x03\0\0\x1d\
\0\0\0\x71\x72\x21\0\0\0\0\0\x73\x2a\x95\xff\0\0\0\0\x73\x2a\xd5\xff\0\0\0\0\
\x16\x02\x9c\0\0\0\0\0\xb4\x03\0\0\x1e\0\0\0\x71\x72\x22\0\0\0\0\0\x73\x2a\x96\
\xff\0\0\0\0\x73\x2a\xd6\xff\0\0\0\0\x16\x02\x97\0\0\0\0\0\xb4\x03\0\0\x1f\0\0\
\0\x71\x72\x23\0\0\0\0\0\x73\x2a\x97\xff\0\0\0\0\x73\x2a\xd7\xff\0\0\0\0\x16\
\x02\x92\0\0\0\0\0\xb4\x03\0\0\x20\0\0\0\x71\x72\x24\0\0\0\0\0\x73\x2a\x98\xff\
\0\0\0\0\x73\x2a\xd8\xff\0\0\0\0\x16\x02\x8d\0\0\0\0\0\xb4\x03\0\0\x21\0\0\0\
\x71\x72\x25\0\0\0\0\0\x73\x2a\x99\xff\0\0\0\0\x73\x2a\xd9\xff\0\0\0\0\x16\x02\
\x88\0\0\0\0\0\xb4\x03\0\0\x22\0\0\0\x71\x72\x26\0\0\0\0\0\x73\x2a\x9a\xff\0\0\
\0\0\x73\x2a\xda\xff\0\0\0\0\x16\x02\x83\0\0\0\0\0\xb4\x03\0\0\x23\0\0\0\x71\
\x72\x27\0\0\0\0\0\x73\x2a\x9b\xff\0\0\0\0\x73\x2a\xdb\xff\0\0\0\0\x16\x02\x7e\
\0\0\0\0\0\xb4\x03\0\0\x24\0\0\0\x71\x72\x28\0\0\0\0\0\x73\x2a\x9c\xff\0\0\0\0\
\x73\x2a\xdc\xff\0\0\0\0\x16\x02\x79\0\0\0\0\0\xb4\x03\0\0\x25\0\0\0\x71\x72\
\x29\0\0\0\0\0\x73\x2a\x9d\xff\0\0\0\0\x73\x2a\xdd\xff\0\0\0\0\x16\x02\x74\0\0\
\0\0\0\xb4\x03\0\0\x26\0\0\0\x71\x72\x2a\0\0\0\0\0\x73\x2a\x9e\xff\0\0\0\0\x73\
\x2a\xde\xff\0\0\0\0\x16\x02\x6f\0\0\0\0\0\xb4\x03\0\0\x27\0\0\0\x71\x72\x2b\0\
\0\0\0\0\x73\x2a\x9f\xff\0\0\0\0\x73\x2a\xdf\xff\0\0\0\0\x16\x02\x6a\0\0\0\0\0\
\xb4\x03\0\0\x28\0\0\0\x71\x72\x2c\0\0\0\0\0\x73\x2a\xa0\xff\0\0\0\0\x73\x2a\
\xe0\xff\0\0\0\0\x16\x02\x65\0\0\0\0\0\xb4\x03\0\0\x29\0\0\0\x71\x72\x2d\0\0\0\
\0\0\x73\x2a\xa1\xff\0\0\0\0\x73\x2a\xe1\xff\0\0\0\0\x16\x02\x60\0\0\0\0\0\xb4\
\x03\0\0\x2a\0\0\0\x71\x72\x2e\0\0\0\0\0\x73\x2a\xa2\xff\0\0\0\0\x73\x2a\xe2\
\xff\0\0\0\0\x16\x02\x5b\0\0\0\0\0\xb4\x03\0\0\x2b\0\0\0\x71\x72\x2f\0\0\0\0\0\
\x73\x2a\xa3\xff\0\0\0\0\x73\x2a\xe3\xff\0\0\0\0\x16\x02\x56\0\0\0\0\0\xb4\x03\
\0\0\x2c\0\0\0\x71\x72\x30\0\0\0\0\0\x73\x2a\xa4\xff\0\0\0\0\x73\x2a\xe4\xff\0\
\0\0\0\x16\x02\x51\0\0\0\0\0\xb4\x03\0\0\x2d\0\0\0\x71\x72\x31\0\0\0\0\0\x73\
\x2a\xa5\xff\0\0\0\0\x73\x2a\xe5\xff\0\0\0\0\x16\x02\x4c\0\0\0\0\0\xb4\x03\0\0\
\x2e\0\0\0\x71\x72\x32\0\0\0\0\0\x73\x2a\xa6\xff\0\0\0\0\x73\x2a\xe6\xff\0\0\0\
\0\x16\x02\x47\0\0\0\0\0\xb4\x03\0\0\x2f\0\0\0\x71\x72\x33\0\0\0\0\0\x73\x2a\
\xa7\xff\0\0\0\0\x73\x2a\xe7\xff\0\0\0\0\x16\x02\x42\0\0\0\0\0\xb4\x03\0\0\x30\
\0\0\0\x71\x72\x34\0\0\0\0\0\x73\x2a\xa8\xff\0\0\0\0\x73\x2a\xe8\xff\0\0\0\0\
\x16\x02\x3d\0\0\0\0\0\xb4\x03\0\0\x31\0\0\0\x71\x72\x35\0\0\0\0\0\x73\x2a\xa9\
\xff\0\0\0\0\x73\x2a\xe9\xff\0\0\0\0\x16\x02\x38\0\0\0\0\0\xb4\x03\0\0\x32\0\0\
\0\x71\x72\x36\0\0\0\0\0\x73\x2a\xaa\xff\0\0\0\0\x73\x2a\xea\xff\0\0\0\0\x16\
\x02\x33\0\0\0\0\0\xb4\x03\0\0\x33\0\0\0\x71\x72\x37\0\0\0\0\0\x73\x2a\xab\xff\
\0\0\0\0\x73\x2a\xeb\xff\0\0\0\0\x16\x02\x2e\0\0\0\0\0\xb4\x03\0\0\x34\0\0\0\
\x71\x72\x38\0\0\0\0\0\x73\x2a\xac\xff\0\0\0\0\x73\x2a\xec\xff\0\0\0\0\x16\x02\
\x29\0\0\0\0\0\xb4\x03\0\0\x35\0\0\0\x71\x72\x39\0\0\0\0\0\x73\x2a\xad\xff\0\0\
\0\0\x73\x2a\xed\xff\0\0\0\0\x16\x02\x24\0\0\0\0\0\xb4\x03\0\0\x36\0\0\0\x71\
\x72\x3a\0\0\0\0\0\x73\x2a\xae\xff\0\0\0\0\x73\x2a\xee\xff\0\0\0\0\x16\x02\x1f\
\0\0\0\0\0\xb4\x03\0\0\x37\0\0\0\x71\x72\x3b\0\0\0\0\0\x73\x2a\xaf\xff\0\0\0\0\
\x73\x2a\xef\xff\0\0\0\0\x16\x02\x1a\0\0\0\0\0\xb4\x03\0\0\x38\0\0\0\x71\x72\
\x3c\0\0\0\0\0\x73\x2a\xb0\xff\0\0\0\0\x73\x2a\xf0\xff\0\0\0\0\x16\x02\x15\0\0\
\0\0\0\xb4\x03\0\0\x39\0\0\0\x71\x72\x3d\0\0\0\0\0\x73\x2a\xb1\xff\0\0\0\0\x73\
\x2a\xf1\xff\0\0\0\0\x16\x02\x10\0\0\0\0\0\xb4\x03\0\0\x3a\0\0\0\x71\x72\x3e\0\
\0\0\0\0\x73\x2a\xb2\xff\0\0\0\0\x73\x2a\xf2\xff\0\0\0\0\x16\x02\x0b\0\0\0\0\0\
\xb4\x03\0\0\x3b\0\0\0\x71\x72\x3f\0\0\0\0\0\x73\x2a\xb3\xff\0\0\0\0\x73\x2a\
\xf3\xff\0\0\0\0\x16\x02\x06\0\0\0\0\0\xb4\x03\0\0\x3c\0\0\0\x71\x72\x40\0\0\0\
\0\0\x73\x2a\xb4\xff\0\0\0\0\x73\x2a\xf4\xff\0\0\0\0\x16\x02\x01\0\0\0\0\0\xb4\
\x03\0\0\x3d\0\0\0\xbf\xa2\0\0\0\0\0\0\x07\x02\0\0\xb8\xff\xff\xff\xbf\x24\0\0\
\0\0\0\0\x0f\x34\0\0\0\0\0\0\xb4\x05\0\0\x5f\0\0\0\x73\x54\0\0\0\0\0\0\xbf\xa4\
\0\0\0\0\0\0\x07\x04\0\0\x78\xff\xff\xff\xbf\x40\0\0\0\0\0\0\x0f\x30\0\0\0\0\0\
\0\x73\x50\0\0\0\0\0\0\xbc\x35\0\0\0\0\0\0\x04\x05\0\0\x01\0\0\0\xbf\x20\0\0\0\
\0\0\0\x0f\x50\0\0\0\0\0\0\xb4\x07\0\0\x63\0\0\0\x73\x70\0\0\0\0\0\0\xbf\x40\0\
\0\0\0\0\0\x0f\x50\0\0\0\0\0\0\xb4\x05\0\0\x70\0\0\0\x73\x50\0\0\0\0\0\0\x04\
\x03\0\0\x02\0\0\0\xbf\x25\0\0\0\0\0\0\x0f\x35\0\0\0\0\0\0\x73\x15\0\0\0\0\0\0\
\x0f\x34\0\0\0\0\0\0\x73\x14\0\0\0\0\0\0\x18\x01\0\0\0\0\0\0\0\0\0\0\0\0\0\0\
\x85\0\0\0\x01\0\0\0\x55\0\x04\0\0\0\0\0\x18\x01\0\0\xb4\0\0\0\0\0\0\0\0\0\0\0\
\xb4\x02\0\0\x21\0\0\0\x85\0\0\0\x06\0\0\0\xbf\xa2\0\0\0\0\0\0\x07\x02\0\0\x78\
\xff\xff\xff\x18\x01\0\0\0\0\0\0\0\0\0\0\0\0\0\0\x85\0\0\0\x01\0\0\0\x55\0\x04\
\0\0\0\0\0\x18\x01\0\0\xd5\0\0\0\0\0\0\0\0\0\0\0\xb4\x02\0\0\x21\0\0\0\x85\0\0\
\0\x06\0\0\0\x07\x09\0\0\x01\0\0\0\x61\x61\x90\0\0\0\0\0\x56\x01\x19\0\x01\0\0\
\0\xbf\xa2\0\0\0\0\0\0\x07\x02\0\0\xb8\xff\xff\xff\x18\x01\0\0\0\0\0\0\0\0\0\0\
\0\0\0\0\x85\0\0\0\x01\0\0\0\xbf\x07\0\0\0\0\0\0\x15\x07\x2c\0\0\0\0\0\xb4\x01\
\0\0\x01\0\0\0\xc3\x16\x88\0\x01\0\0\0\x63\x1a\x74\xff\0\0\0\0\x85\0\0\0\x05\0\
\0\0\x7b\x0a\x68\xff\0\0\0\0\x7b\x9a\x60\xff\0\0\0\0\xbf\xa2\0\0\0\0\0\0\x07\
\x02\0\0\x74\xff\xff\xff\xbf\xa3\0\0\0\0\0\0\x07\x03\0\0\x60\xff\xff\xff\xbf\
\x71\0\0\0\0\0\0\xb7\x04\0\0\0\0\0\0\x85\0\0\0\x02\0\0\0\x79\xa3\x60\xff\0\0\0\
\0\x61\xa4\x74\xff\0\0\0\0\x18\x01\0\0\xf6\0\0\0\0\0\0\0\0\0\0\0\x05\0\x18\0\0\
\0\0\0\xbf\xa2\0\0\0\0\0\0\x07\x02\0\0\x78\xff\xff\xff\x18\x01\0\0\0\0\0\0\0\0\
\0\0\0\0\0\0\x85\0\0\0\x01\0\0\0\xbf\x07\0\0\0\0\0\0\x15\x07\x13\0\0\0\0\0\xb4\
\x01\0\0\x01\0\0\0\xc3\x16\x8c\0\x01\0\0\0\x63\x1a\x74\xff\0\0\0\0\x85\0\0\0\
\x05\0\0\0\x7b\x0a\x68\xff\0\0\0\0\x7b\x9a\x60\xff\0\0\0\0\xbf\xa2\0\0\0\0\0\0\
\x07\x02\0\0\x74\xff\xff\xff\xbf\xa3\0\0\0\0\0\0\x07\x03\0\0\x60\xff\xff\xff\
\xbf\x71\0\0\0\0\0\0\xb7\x04\0\0\0\0\0\0\x85\0\0\0\x02\0\0\0\x79\xa3\x60\xff\0\
\0\0\0\x61\xa4\x74\xff\0\0\0\0\x18\x01\0\0\x2f\x01\0\0\0\0\0\0\0\0\0\0\xb4\x02\
\0\0\x39\0\0\0\x85\0\0\0\x06\0\0\0\xb4\0\0\0\0\0\0\0\x95\0\0\0\0\0\0\0\x47\x50\
\x4c\0\0\0\0\0\0\0\0\0\0\0\0\0\0\0\0\0\0\0\0\0\0\0\0\0\0\0\0\0\0\0\0\0\0\0\0\0\
\0\0\0\0\0\0\0\0\0\0\0\0\0\0\0\0\0\0\0\0\0\0\0\0\0\0\0\0\0\0\0\0\0\0\0\0\0\0\0\
\0\0\0\0\0\0\0\0\0\0\0\0\0\0\0\0\0\0\0\0\0\0\0\0\0\x45\x72\x72\x6f\x72\x20\x4f\
\x70\x65\x6e\x69\x6e\x67\x20\x63\x6f\x6c\x6c\x65\x63\x74\x69\x6f\x6e\x20\x62\
\x75\x66\x66\x65\x72\x0a\0\x45\x72\x72\x6f\x72\x20\x4f\x70\x65\x6e\x69\x6e\x67\
\x20\x70\x72\x6f\x63\x65\x73\x73\x69\x6e\x67\x20\x62\x75\x66\x66\x65\x72\x0a\0\
\x55\x70\x64\x61\x74\x69\x6e\x67\x20\x63\x6f\x6c\x6c\x65\x63\x74\x69\x6f\x6e\
\x20\x64\x65\x63\x20\x6d\x61\x70\x20\x77\x69\x74\x68\x20\x63\x6f\x75\x6e\x74\
\x20\x25\x6c\x6c\x64\x20\x61\x74\x20\x69\x6e\x64\x65\x78\x20\x25\x75\x0a\0\x55\
\x70\x64\x61\x74\x69\x6e\x67\x20\x70\x72\x6f\x63\x65\x73\x73\x69\x6e\x67\x20\
\x64\x65\x63\x20\x6d\x61\x70\x20\x77\x69\x74\x68\x20\x63\x6f\x75\x6e\x74\x20\
\x25\x6c\x6c\x64\x20\x61\x74\x20\x69\x6e\x64\x65\x78\x20\x25\x75\x0a\0\x45\x72\
\x72\x6f\x72\x20\x4f\x70\x65\x6e\x69\x6e\x67\x20\x63\x6f\x6c\x6c\x65\x63\x74\
\x69\x6f\x6e\x20\x62\x75\x66\x66\x65\x72\x0a\0\x45\x72\x72\x6f\x72\x20\x4f\x70\
\x65\x6e\x69\x6e\x67\x20\x70\x72\x6f\x63\x65\x73\x73\x69\x6e\x67\x20\x62\x75\
\x66\x66\x65\x72\x0a\0\x55\x70\x64\x61\x74\x69\x6e\x67\x20\x63\x6f\x6c\x6c\x65\
\x63\x74\x69\x6f\x6e\x20\x6d\x61\x70\x20\x69\x6e\x63\x20\x77\x69\x74\x68\x20\
\x63\x6f\x75\x6e\x74\x20\x25\x6c\x6c\x64\x20\x61\x74\x20\x69\x6e\x64\x65\x78\
\x20\x25\x75\x0a\0\x55\x70\x64\x61\x74\x69\x6e\x67\x20\x70\x72\x6f\x63\x65\x73\
\x73\x69\x6e\x67\x20\x6d\x61\x70\x20\x69\x6e\x63\x20\x77\x69\x74\x68\x20\x63\
\x6f\x75\x6e\x74\x20\x25\x6c\x6c\x64\x20\x61\x74\x20\x69\x6e\x64\x65\x78\x20\
\x25\x75\x0a\0\xc8\x05\0\0\x05\0\x08\0\x10\0\0\0\x40\0\0\0\x4c\0\0\0\x97\x04\0\
\0\xa8\x04\0\0\xb9\x04\0\0\xc8\x04\0\0\xd7\x04\0\0\xe8\x04\0\0\xf0\x04\0\0\xff\
\x04\0\0\x07\x05\0\0\x24\x05\0\0\x41\x05\0\0\x50\x05\0\0\xa9\x05\0\0\xb1\x05\0\
\0\x04\0\x08\x01\x51\x04\x08\xb8\x02\x01\x56\0\x04\x90\x01\xf8\x03\x03\x11\0\
\x9f\x04\xf8\x03\xa0\x04\x03\x11\x01\x9f\x04\xa0\x04\xc8\x04\x03\x11\x02\x9f\
\x04\xc8\x04\xf0\x04\x03\x11\x03\x9f\x04\xf0\x04\x98\x05\x03\x11\x04\x9f\x04\
\x98\x05\xc0\x05\x03\x11\x05\x9f\x04\xc0\x05\xe8\x05\x03\x11\x06\x9f\x04\xe8\
\x05\x90\x06\x03\x11\x07\x9f\x04\x90\x06\xb8\x06\x03\x11\x08\x9f\x04\xb8\x06\
\xe0\x06\x03\x11\x09\x9f\x04\xe0\x06\x88\x07\x03\x11\x0a\x9f\x04\x88\x07\xb0\
\x07\x03\x11\x0b\x9f\x04\xb0\x07\xd8\x07\x03\x11\x0c\x9f\x04\xd8\x07\x80\x08\
\x03\x11\x0d\x9f\x04\x80\x08\xa8\x08\x03\x11\x0e\x9f\x04\xa8\x08\xd0\x08\x03\
\x11\x0f\x9f\x04\xd0\x08\xf8\x08\x03\x11\x10\x9f\x04\xf8\x08\xa0\x09\x03\x11\
\x11\x9f\x04\xa0\x09\xc8\x09\x03\x11\x12\x9f\x04\xc8\x09\xf0\x09\x03\x11\x13\
\x9f\x04\xf0\x09\x98\x0a\x03\x11\x14\x9f\x04\x98\x0a\xc0\x0a\x03\x11\x15\x9f\
\x04\xc0\x0a\xe8\x0a\x03\x11\x16\x9f\x04\xe8\x0a\x90\x0b\x03\x11\x17\x9f\x04\
\x90\x0b\xb8\x0b\x03\x11\x18\x9f\x04\xb8\x0b\xe0\x0b\x03\x11\x19\x9f\x04\xe0\
\x0b\x88\x0c\x03\x11\x1a\x9f\x04\x88\x0c\xb0\x0c\x03\x11\x1b\x9f\x04\xb0\x0c\
\xd8\x0c\x03\x11\x1c\x9f\x04\xd8\x0c\x80\x0d\x03\x11\x1d\x9f\x04\x80\x0d\xa8\
\x0d\x03\x11\x1e\x9f\x04\xa8\x0d\xd0\x0d\x03\x11\x1f\x9f\x04\xd0\x0d\xf8\x0d\
\x03\x11\x20\x9f\x04\xf8\x0d\xa0\x0e\x03\x11\x21\x9f\x04\xa0\x0e\xc8\x0e\x03\
\x11\x22\x9f\x04\xc8\x0e\xf0\x0e\x03\x11\x23\x9f\x04\xf0\x0e\x98\x0f\x03\x11\
\x24\x9f\x04\x98\x0f\xc0\x0f\x03\x11\x25\x9f\x04\xc0\x0f\xe8\x0f\x03\x11\x26\
\x9f\x04\xe8\x0f\x90\x10\x03\x11\x27\x9f\x04\x90\x10\xb8\x10\x03\x11\x28\x9f\
\x04\xb8\x10\xe0\x10\x03\x11\x29\x9f\x04\xe0\x10\x88\x11\x03\x11\x2a\x9f\x04\
\x88\x11\xb0\x11\x03\x11\x2b\x9f\x04\xb0\x11\xd8\x11\x03\x11\x2c\x9f\x04\xd8\
\x11\x80\x12\x03\x11\x2d\x9f\x04\x80\x12\xa8\x12\x03\x11\x2e\x9f\x04\xa8\x12\
\xd0\x12\x03\x11\x2f\x9f\x04\xd0\x12\xf8\x12\x03\x11\x30\x9f\x04\xf8\x12\xa0\
\x13\x03\x11\x31\x9f\x04\xa0\x13\xc8\x13\x03\x11\x32\x9f\x04\xc8\x13\xf0\x13\
\x03\x11\x33\x9f\x04\xf0\x13\x98\x14\x03\x11\x34\x9f\x04\x98\x14\xc0\x14\x03\
\x11\x35\x9f\x04\xc0\x14\xe8\x14\x03\x11\x36\x9f\x04\xe8\x14\x90\x15\x03\x11\
\x37\x9f\x04\x90\x15\xb8\x15\x03\x11\x38\x9f\x04\xb8\x15\xe0\x15\x03\x11\x39\
\x9f\x04\xe0\x15\x88\x16\x03\x11\x3a\x9f\x04\x88\x16\xb0\x16\x03\x11\x3b\x9f\
\x04\xb0\x16\xe0\x16\x03\x11\x3c\x9f\x04\x80\x1e\xa8\x1e\x03\x11\0\x9f\x04\xa8\
\x1e\xd0\x1e\x03\x11\x01\x9f\x04\xd0\x1e\xf8\x1e\x03\x11\x02\x9f\x04\xf8\x1e\
\xa0\x1f\x03\x11\x03\x9f\x04\xa0\x1f\xc8\x1f\x03\x11\x04\x9f\x04\xc8\x1f\xf0\
\x1f\x03\x11\x05\x9f\x04\xf0\x1f\x98\x20\x03\x11\x06\x9f\x04\x98\x20\xc0\x20\
\x03\x11\x07\x9f\x04\xc0\x20\xe8\x20\x03\x11\x08\x9f\x04\xe8\x20\x90\x21\x03\
\x11\x09\x9f\x04\x90\x21\xb8\x21\x03\x11\x0a\x9f\x04\xb8\x21\xe0\x21\x03\x11\
\x0b\x9f\x04\xe0\x21\x88\x22\x03\x11\x0c\x9f\x04\x88\x22\xb0\x22\x03\x11\x0d\
\x9f\x04\xb0\x22\xd8\x22\x03\x11\x0e\x9f\x04\xd8\x22\x80\x23\x03\x11\x0f\x9f\
\x04\x80\x23\xa8\x23\x03\x11\x10\x9f\x04\xa8\x23\xd0\x23\x03\x11\x11\x9f\x04\
\xd0\x23\xf8\x23\x03\x11\x12\x9f\x04\xf8\x23\xa0\x24\x03\x11\x13\x9f\x04\xa0\
\x24\xc8\x24\x03\x11\x14\x9f\x04\xc8\x24\xf0\x24\x03\x11\x15\x9f\x04\xf0\x24\
\x98\x25\x03\x11\x16\x9f\x04\x98\x25\xc0\x25\x03\x11\x17\x9f\x04\xc0\x25\xe8\
\x25\x03\x11\x18\x9f\x04\xe8\x25\x90\x26\x03\x11\x19\x9f\x04\x90\x26\xb8\x26\
\x03\x11\x1a\x9f\x04\xb8\x26\xe0\x26\x03\x11\x1b\x9f\x04\xe0\x26\x88\x27\x03\
\x11\x1c\x9f\x04\x88\x27\xb0\x27\x03\x11\x1d\x9f\x04\xb0\x27\xd8\x27\x03\x11\
\x1e\x9f\x04\xd8\x27\x80\x28\x03\x11\x1f\x9f\x04\x80\x28\xa8\x28\x03\x11\x20\
\x9f\x04\xa8\x28\xd0\x28\x03\x11\x21\x9f\x04\xd0\x28\xf8\x28\x03\x11\x22\x9f\
\x04\xf8\x28\xa0\x29\x03\x11\x23\x9f\x04\xa0\x29\xc8\x29\x03\x11\x24\x9f\x04\
\xc8\x29\xf0\x29\x03\x11\x25\x9f\x04\xf0\x29\x98\x2a\x03\x11\x26\x9f\x04\x98\
\x2a\xc0\x2a\x03\x11\x27\x9f\x04\xc0\x2a\xe8\x2a\x03\x11\x28\x9f\x04\xe8\x2a\
\x90\x2b\x03\x11\x29\x9f\x04\x90\x2b\xb8\x2b\x03\x11\x2a\x9f\x04\xb8\x2b\xe0\
\x2b\x03\x11\x2b\x9f\x04\xe0\x2b\x88\x2c\x03\x11\x2c\x9f\x04\x88\x2c\xb0\x2c\
\x03\x11\x2d\x9f\x04\xb0\x2c\xd8\x2c\x03\x11\x2e\x9f\x04\xd8\x2c\x80\x2d\x03\
\x11\x2f\x9f\x04\x80\x2d\xa8\x2d\x03\x11\x30\x9f\x04\xa8\x2d\xd0\x2d\x03\x11\
\x31\x9f\x04\xd0\x2d\xf8\x2d\x03\x11\x32\x9f\x04\xf8\x2d\xa0\x2e\x03\x11\x33\
\x9f\x04\xa0\x2e\xc8\x2e\x03\x11\x34\x9f\x04\xc8\x2e\xf0\x2e\x03\x11\x35\x9f\
\x04\xf0\x2e\x98\x2f\x03\x11\x36\x9f\x04\x98\x2f\xc0\x2f\x03\x11\x37\x9f\x04\
\xc0\x2f\xe8\x2f\x03\x11\x38\x9f\x04\xe8\x2f\x90\x30\x03\x11\x39\x9f\x04\x90\
\x30\xb8\x30\x03\x11\x3a\x9f\x04\xb8\x30\xe0\x30\x03\x11\x3b\x9f\x04\xe0\x30\
\x90\x31\x03\x11\x3c\x9f\0\x04\xb0\x01\xc0\x01\x01\x51\x04\xc8\x01\xb8\x37\x03\
\x7a\x9c\x01\0\x04\xc0\x01\xe8\x01\x01\x51\x04\xf0\x1c\xb8\x37\x03\x7a\x98\x01\
\0\x04\xf8\x01\xe0\x17\x01\x57\x04\xa0\x1d\x90\x32\x01\x57\0\x04\xb8\x02\xf0\
\x1c\x01\x56\x04\xe0\x1d\xa8\x37\x01\x56\0\x04\xc8\x02\xd0\x02\x03\x11\0\x9f\
\x04\x80\x03\xb8\x03\x01\x52\0\x04\x98\x03\xb8\x03\x01\x59\0\x04\xc8\x03\xf0\
\x1c\x01\x59\x04\x80\x34\xa8\x37\x01\x59\0\x04\xd8\x03\xd8\x16\x01\x52\0\x04\
\xd0\x18\xf8\x18\x01\x50\x04\x88\x1a\xa0\x1b\x01\x57\x04\x80\x33\xa8\x33\x01\
\x50\x04\xc0\x34\xd8\x35\x01\x57\0\x04\xa0\x19\xc8\x19\x01\x50\x04\xd0\x1b\xe0\
\x1c\x01\x57\x04\xd0\x33\xf8\x33\x01\x50\x04\x88\x36\x98\x37\x01\x57\0\x04\xd0\
\x19\xf8\x19\x01\x51\x04\xa0\x1b\xc0\x1b\x01\x51\0\x04\xa0\x1a\xb0\x1a\x01\x51\
\x04\xc0\x1a\x88\x1b\x02\x7a\x14\x04\x88\x1b\xa0\x1b\x01\x54\x04\xe8\x1b\xf8\
\x1b\x01\x51\x04\x88\x1c\xd0\x1c\x02\x7a\x14\x04\xd0\x1c\xf0\x1c\x01\x54\x04\
\xd8\x34\xe8\x34\x01\x51\x04\xf8\x34\xc0\x35\x02\x7a\x14\x04\xc0\x35\xd8\x35\
\x01\x54\x04\xa0\x36\xb0\x36\x01\x51\x04\xc0\x36\x88\x37\x02\x7a\x14\x04\x88\
\x37\xa8\x37\x01\x54\0\x04\x88\x1e\x88\x31\x01\x52\0\x04\x88\x34\xb0\x34\x01\
\x51\x04\xd8\x35\xf8\x35\x01\x51\0\x01\x11\x01\x25\x25\x13\x05\x03\x25\x72\x17\
\x10\x17\x1b\x25\x11\x1b\x12\x06\x73\x17\x74\x17\x8c\x01\x17\0\0\x02\x34\0\x03\
\x25\x49\x13\x3f\x19\x3a\x0b\x3b\x0b\x02\x18\0\0\x03\x01\x01\x49\x13\0\0\x04\
\x21\0\x49\x13\x37\x0b\0\0\x05\x24\0\x03\x25\x3e\x0b\x0b\x0b\0\0\x06\x24\0\x03\
\x25\x0b\x0b\x3e\x0b\0\0\x07\x34\0\x03\x25\x49\x13\x3a\x0b\x3b\x0b\0\0\x08\x26\
\0\x49\x13\0\0\x09\x0f\0\x49\x13\0\0\x0a\x15\0\x49\x13\x27\x19\0\0\x0b\x16\0\
\x49\x13\x03\x25\x3a\x0b\x3b\x05\0\0\x0c\x15\x01\x49\x13\x27\x19\0\0\x0d\x05\0\
\x49\x13\0\0\x0e\x0f\0\0\0\x0f\x26\0\0\0\x10\x2e\x01\x11\x1b\x12\x06\x40\x18\
\x7a\x19\x03\x25\x3a\x0b\x3b\x0b\x27\x19\x49\x13\x3f\x19\0\0\x11\x34\0\x03\x25\
\x49\x13\x3a\x0b\x3b\x0b\x02\x18\0\0\x12\x05\0\x02\x22\x03\x25\x3a\x0b\x3b\x0b\
\x49\x13\0\0\x13\x34\0\x02\x18\x03\x25\x3a\x0b\x3b\x0b\x49\x13\0\0\x14\x34\0\
\x02\x22\x03\x25\x3a\x0b\x3b\x0b\x49\x13\0\0\x15\x34\0\x03\x25\x3a\x0b\x3b\x0b\
\x49\x13\0\0\x16\x0b\x01\x11\x1b\x12\x06\0\0\x17\x1d\x01\x31\x13\x11\x1b\x12\
\x06\x58\x0b\x59\x0b\x57\x0b\0\0\x18\x05\0\x02\x18\x31\x13\0\0\x19\x0b\x01\x55\
\x23\0\0\x1a\x34\0\x02\x22\x31\x13\0\0\x1b\x18\0\0\0\x1c\x13\x01\x0b\x0b\x3a\
\x0b\x3b\x0b\0\0\x1d\x0d\0\x03\x25\x49\x13\x3a\x0b\x3b\x0b\x38\x0b\0\0\x1e\x21\
\0\x49\x13\x37\x06\0\0\x1f\x13\x01\x03\x25\x0b\x0b\x3a\x0b\x3b\x0b\0\0\x20\x21\
\0\x49\x13\x37\x05\0\0\x21\x04\x01\x49\x13\x0b\x0b\x3a\x0b\x3b\x05\0\0\x22\x28\
\0\x03\x25\x1c\x0f\0\0\x23\x35\0\x49\x13\0\0\x24\x2e\x01\x03\x25\x3a\x0b\x3b\
\x0b\x27\x19\x49\x13\x20\x21\x01\0\0\x25\x05\0\x03\x25\x3a\x0b\x3b\x0b\x49\x13\
\0\0\x26\x0b\x01\0\0\x27\x13\x01\x03\x25\x0b\x0b\x3a\x0b\x3b\x06\0\0\x28\x0d\0\
\x03\x25\x49\x13\x3a\x0b\x3b\x06\x38\x0b\0\0\x29\x13\x01\x03\x25\x0b\x0b\x3a\
\x0b\x3b\x05\0\0\x2a\x0d\0\x03\x25\x49\x13\x3a\x0b\x3b\x05\x38\x0b\0\0\0\x53\
\x05\0\0\x05\0\x01\x08\0\0\0\0\x01\0\x0c\0\x01\x08\0\0\0\0\0\0\0\x02\x0c\xb8\
\x1b\0\0\x08\0\0\0\x0c\0\0\0\x0c\0\0\0\x02\x03\x36\0\0\0\0\x07\x02\xa1\0\x03\
\x42\0\0\0\x04\x46\0\0\0\x04\0\x05\x04\x06\x01\x06\x05\x08\x07\x07\x06\x52\0\0\
\0\x02\x7a\x08\x57\0\0\0\x09\x5c\0\0\0\x0a\x61\0\0\0\x0b\x6a\0\0\0\x08\x01\xfe\
\x62\x05\x07\x07\x08\x07\x09\x76\0\0\0\x02\x40\x08\x7b\0\0\0\x09\x80\0\0\0\x0c\
\x90\0\0\0\x0d\x90\0\0\0\x0d\x91\0\0\0\0\x0e\x09\x96\0\0\0\x0f\x10\x0c\xb8\x1b\
\0\0\x01\x5a\x2d\0\x3c\xbc\x02\0\0\x11\x0a\xf5\x01\0\0\0\x75\x02\xa1\x01\x11\
\x0a\xf5\x01\0\0\0\x7b\x02\xa1\x02\x11\x0a\x6b\x02\0\0\0\x8e\x02\xa1\x03\x11\
\x0a\x6b\x02\0\0\0\xa0\x02\xa1\x04\x11\x0a\xf5\x01\0\0\0\xc9\x02\xa1\x05\x11\
\x0a\xf5\x01\0\0\0\xcf\x02\xa1\x06\x11\x0a\x6b\x02\0\0\0\xe2\x02\xa1\x07\x11\
\x0a\x6b\x02\0\0\0\xf4\x02\xa1\x08\x12\0\x35\0\x3c\x7b\x04\0\0\x13\x03\x91\xd8\
\0\x2e\0\x43\xd9\x02\0\0\x13\x02\x91\x18\x2f\0\x44\xd9\x02\0\0\x13\x02\x91\0\
\x30\0\x47\x48\x04\0\0\x14\x01\x48\0\x45\xbc\x02\0\0\x14\x02\x49\0\x3f\x32\x02\
\0\0\x14\x03\x4a\0\x3f\x32\x02\0\0\x14\x04\x4b\0\x41\x6f\x03\0\0\x14\x05\x4c\0\
\x42\xe5\x02\0\0\x14\x08\x4d\0\x49\x0d\x04\0\0\x14\x0a\x4f\0\x48\x90\0\0\0\x14\
\x0b\x50\0\x48\x90\0\0\0\x14\x0d\x52\0\x46\x32\x02\0\0\x15\x53\0\x3e\x32\x02\0\
\0\x15\x54\0\x40\x61\0\0\0\x16\x0d\x30\x0d\0\0\x14\x0c\x51\0\x7f\x32\x02\0\0\
\x17\x16\x04\0\0\x0d\x78\0\0\0\0\x5c\x10\x18\x04\x76\x80\x01\x9f\x1e\x04\0\0\
\x19\0\x1a\x06\x27\x04\0\0\x16\x0e\x28\0\0\0\x1a\x07\x30\x04\0\0\0\0\0\x16\x0f\
\x88\x09\0\0\x14\x09\x4e\0\x60\x42\0\0\0\0\0\x19\x01\x14\x0f\x51\0\xd3\x32\x02\
\0\0\x16\x10\x88\x09\0\0\x14\x0e\x4e\0\xb4\x42\0\0\0\0\0\0\x03\x01\x02\0\0\x04\
\x46\0\0\0\x21\0\x08\x42\0\0\0\x07\x0b\x0e\x02\0\0\x02\xb9\x08\x13\x02\0\0\x09\
\x18\x02\0\0\x0c\x29\x02\0\0\x0d\x2d\x02\0\0\x0d\x32\x02\0\0\x1b\0\x05\x0c\x05\
\x08\x09\x01\x02\0\0\x0b\x3b\x02\0\0\x0e\x01\x36\x64\x05\x0d\x07\x04\x07\x0f\
\x47\x02\0\0\x02\x56\x08\x4c\x02\0\0\x09\x51\x02\0\0\x0c\x29\x02\0\0\x0d\x90\0\
\0\0\x0d\x91\0\0\0\x0d\x91\0\0\0\x0d\x61\0\0\0\0\x03\x01\x02\0\0\x04\x46\0\0\0\
\x39\0\x02\x10\x82\x02\0\0\0\x0f\x02\xa1\x09\x1c\x20\0\x0a\x1d\x11\xab\x02\0\0\
\0\x0b\0\x1d\x13\xc0\x02\0\0\0\x0c\x08\x1d\x14\xd4\x02\0\0\0\x0d\x10\x1d\x15\
\xe5\x02\0\0\0\x0e\x18\0\x09\xb0\x02\0\0\x03\xbc\x02\0\0\x04\x46\0\0\0\x01\0\
\x05\x12\x05\x04\x09\xc5\x02\0\0\x03\xbc\x02\0\0\x1e\x46\0\0\0\x80\x96\x98\0\0\
\x09\xd9\x02\0\0\x03\x42\0\0\0\x04\x46\0\0\0\x40\0\x09\xea\x02\0\0\x1f\x1d\x98\
\x03\x08\x1d\x16\x1d\x03\0\0\x03\x09\0\x1d\x17\x29\x03\0\0\x03\x0a\x80\x1d\x1a\
\x32\x02\0\0\x03\x0b\x88\x1d\x1b\x32\x02\0\0\x03\x0c\x8c\x1d\x1c\x32\x02\0\0\
\x03\x0d\x90\0\x03\x42\0\0\0\x04\x46\0\0\0\x80\0\x0b\x32\x03\0\0\x19\x01\xe6\
\x62\x05\x18\x05\x08\x02\x1e\x41\x03\0\0\0\x17\x02\xa1\x0a\x1c\x20\0\x12\x1d\
\x11\xab\x02\0\0\0\x13\0\x1d\x13\xc0\x02\0\0\0\x14\x08\x1d\x14\x6a\x03\0\0\0\
\x15\x10\x1d\x15\x6f\x03\0\0\0\x16\x18\0\x09\x32\x02\0\0\x09\x74\x03\0\0\x1f\
\x21\x44\x03\x10\x1d\x1f\x32\x02\0\0\x03\x11\0\x1d\x20\xd9\x02\0\0\x03\x12\x04\
\0\x02\x22\x97\x03\0\0\0\x1f\x02\xa1\x0b\x1c\x20\0\x1a\x1d\x11\xc0\x03\0\0\0\
\x1b\0\x1d\x13\xd1\x03\0\0\0\x1c\x08\x1d\x14\xd4\x02\0\0\0\x1d\x10\x1d\x15\x6a\
\x03\0\0\0\x1e\x18\0\x09\xc5\x03\0\0\x03\xbc\x02\0\0\x04\x46\0\0\0\x0d\0\x09\
\xd6\x03\0\0\x03\xbc\x02\0\0\x20\x46\0\0\0\0\x04\0\x21\x3b\x02\0\0\x04\x01\xb3\
\x02\x22\x23\0\x22\x24\x01\x22\x25\x02\x22\x26\x04\0\x09\xfe\x03\0\0\x23\x32\
\x02\0\0\x09\x08\x04\0\0\x23\x0d\x04\0\0\x0b\x29\x03\0\0\x27\x01\xee\x62\x24\
\x28\0\x27\x0d\x04\0\0\x25\x29\0\x27\x43\x04\0\0\x26\x15\x2a\0\x29\xbc\x02\0\0\
\x26\x15\x2b\0\x2e\x0d\x04\0\0\x15\x2c\0\x2a\x0d\x04\0\0\0\0\0\x09\x0d\x04\0\0\
\x1f\x17\x10\x04\x08\x1d\x30\x60\x04\0\0\x04\x09\0\x1d\x32\x69\x04\0\0\x04\x0a\
\x08\0\x0b\x0d\x04\0\0\x31\x01\xf4\x62\x0b\x72\x04\0\0\x34\x01\x08\x63\x0b\x61\
\0\0\0\x33\x01\x06\x63\x09\x80\x04\0\0\x27\x47\x40\x01\xb7\xcd\x01\0\x28\x36\
\xf5\x04\0\0\x01\xb8\xcd\x01\0\0\x28\x3d\x2c\x05\0\0\x01\xb9\xcd\x01\0\x08\x28\
\x3e\x38\x05\0\0\x01\xba\xcd\x01\0\x18\x28\x41\xbc\x02\0\0\x01\xbb\xcd\x01\0\
\x1c\x28\x42\x29\x02\0\0\x01\xbc\xcd\x01\0\x20\x28\x43\x2c\x05\0\0\x01\xbd\xcd\
\x01\0\x28\x28\x44\x38\x05\0\0\x01\xbe\xcd\x01\0\x38\x28\x45\xbc\x02\0\0\x01\
\xbf\xcd\x01\0\x3c\x28\x46\x4a\x05\0\0\x01\xc0\xcd\x01\0\x40\0\x29\x3c\x08\x01\
\xd9\xac\x2a\x11\x24\x05\0\0\x01\xda\xac\0\x2a\x38\x28\x05\0\0\x01\xdb\xac\x02\
\x2a\x3a\x28\x05\0\0\x01\xdc\xac\x03\x2a\x3b\xbc\x02\0\0\x01\xdd\xac\x04\0\x05\
\x37\x07\x02\x05\x39\x08\x01\x03\x42\0\0\0\x04\x46\0\0\0\x10\0\x0b\x41\x05\0\0\
\x40\x01\xba\x62\x0b\xbc\x02\0\0\x3f\x01\x7a\x62\x03\x42\0\0\0\x04\x46\0\0\0\0\
\0\0\x30\0\0\0\x05\0\x08\0\x02\0\0\0\x08\0\0\0\x13\0\0\0\x04\xc8\x02\xd0\x02\
\x04\xf0\x02\xb8\x03\0\x04\xf0\x1d\x88\x31\x04\xa0\x31\xc8\x31\x04\xd0\x31\xa8\
\x33\x04\xb8\x33\xa8\x37\0\x58\x01\0\0\x05\0\0\0\0\0\0\0\x27\0\0\0\x4a\0\0\0\
\x8a\0\0\0\x92\0\0\0\x97\0\0\0\xab\0\0\0\xbc\0\0\0\xcf\0\0\0\xd5\0\0\0\xe9\0\0\
\0\xf1\0\0\0\x02\x01\0\0\x07\x01\0\0\x14\x01\0\0\x1a\x01\0\0\x2e\x01\0\0\x32\
\x01\0\0\x37\x01\0\0\x3b\x01\0\0\x47\x01\0\0\x4b\x01\0\0\x51\x01\0\0\x5c\x01\0\
\0\x6a\x01\0\0\x74\x01\0\0\x7a\x01\0\0\x8b\x01\0\0\x9c\x01\0\0\xaa\x01\0\0\xaf\
\x01\0\0\xb5\x01\0\0\xc0\x01\0\0\xc8\x01\0\0\xcf\x01\0\0\xdc\x01\0\0\xe4\x01\0\
\0\xf0\x01\0\0\xfa\x01\0\0\x05\x02\0\0\x09\x02\0\0\x1b\x02\0\0\x1d\x02\0\0\x25\
\x02\0\0\x29\x02\0\0\x2d\x02\0\0\x3b\x02\0\0\x4b\x02\0\0\x5b\x02\0\0\x61\x02\0\
\0\x69\x02\0\0\x73\x02\0\0\x77\x02\0\0\x80\x02\0\0\x84\x02\0\0\x88\x02\0\0\x97\
\x02\0\0\x9d\x02\0\0\xab\x02\0\0\xb9\x02\0\0\xbd\x02\0\0\xc9\x02\0\0\xd3\x02\0\
\0\xdc\x02\0\0\xeb\x02\0\0\xf1\x02\0\0\xfb\x02\0\0\x06\x03\0\0\x10\x03\0\0\x19\
\x03\0\0\x23\x03\0\0\x2a\x03\0\0\x47\x03\0\0\x49\x03\0\0\x5a\x03\0\0\x6b\x03\0\
\0\x70\x03\0\0\x73\x03\0\0\x7d\x03\0\0\x7f\x03\0\0\x92\x03\0\0\xa5\x03\0\0\xb0\
\x03\0\0\xb4\x03\0\0\xb8\x03\0\0\x55\x62\x75\x6e\x74\x75\x20\x63\x6c\x61\x6e\
\x67\x20\x76\x65\x72\x73\x69\x6f\x6e\x20\x31\x34\x2e\x30\x2e\x30\x2d\x31\x75\
\x62\x75\x6e\x74\x75\x31\x2e\x31\0\x65\x62\x70\x66\x2f\x63\x72\x65\x61\x74\x65\
\x5f\x6d\x61\x70\x73\x2f\x63\x72\x65\x61\x74\x65\x5f\x6d\x61\x70\x73\x2e\x62\
\x70\x66\x2e\x63\0\x2f\x68\x6f\x6d\x65\x2f\x66\x75\x72\x65\x68\x5f\x6d\x69\x74\
\x6f\x74\x6f\x2f\x50\x68\x61\x6e\x74\x6f\x6d\x5f\x54\x72\x61\x63\x6b\x65\x72\
\x2f\x70\x68\x61\x6e\x74\x6f\x6d\x2d\x74\x72\x61\x63\x6b\x65\x72\x2f\x70\x76\
\x73\x63\x68\x65\x64\x2d\x68\x6f\x73\x74\0\x4c\x49\x43\x45\x4e\x53\x45\0\x63\
\x68\x61\x72\0\x5f\x5f\x41\x52\x52\x41\x59\x5f\x53\x49\x5a\x45\x5f\x54\x59\x50\
\x45\x5f\x5f\0\x62\x70\x66\x5f\x6b\x74\x69\x6d\x65\x5f\x67\x65\x74\x5f\x6e\x73\
\0\x75\x6e\x73\x69\x67\x6e\x65\x64\x20\x6c\x6f\x6e\x67\x20\x6c\x6f\x6e\x67\0\
\x5f\x5f\x75\x36\x34\0\x62\x70\x66\x5f\x6d\x61\x70\x5f\x6c\x6f\x6f\x6b\x75\x70\
\x5f\x65\x6c\x65\x6d\0\x5f\x5f\x5f\x5f\x66\x6d\x74\0\x62\x70\x66\x5f\x74\x72\
\x61\x63\x65\x5f\x70\x72\x69\x6e\x74\x6b\0\x6c\x6f\x6e\x67\0\x75\x6e\x73\x69\
\x67\x6e\x65\x64\x20\x69\x6e\x74\0\x5f\x5f\x75\x33\x32\0\x62\x70\x66\x5f\x6d\
\x61\x70\x5f\x75\x70\x64\x61\x74\x65\x5f\x65\x6c\x65\x6d\0\x76\x6d\x73\0\x74\
\x79\x70\x65\0\x69\x6e\x74\0\x6d\x61\x78\x5f\x65\x6e\x74\x72\x69\x65\x73\0\x6b\
\x65\x79\0\x76\x61\x6c\x75\x65\0\x71\x6d\x70\x5f\x73\x6f\x63\x6b\x65\x74\0\x70\
\x68\x61\x6e\x74\x6f\x6d\x5f\x63\x6f\x75\x6e\x74\0\x6c\x6f\x6e\x67\x20\x6c\x6f\
\x6e\x67\0\x5f\x5f\x73\x36\x34\0\x63\x6f\x6c\x6c\x65\x63\x74\x69\x6f\x6e\x5f\
\x69\x6e\x64\x65\x78\0\x70\x72\x6f\x63\x65\x73\x73\x69\x6e\x67\x5f\x69\x6e\x64\
\x65\x78\0\x69\x73\x5f\x63\x6f\x6c\x6c\x65\x63\x74\x69\x6e\x67\0\x76\x6d\x5f\
\x74\0\x76\x63\x70\x75\x73\0\x76\x63\x70\x75\x5f\x69\x6e\x64\x65\x78\0\x76\x6d\
\x5f\x6e\x61\x6d\x65\0\x76\x63\x70\x75\x5f\x74\0\x6d\x61\x70\x5f\x72\x65\x67\
\x69\x73\x74\x72\x79\0\x42\x50\x46\x5f\x41\x4e\x59\0\x42\x50\x46\x5f\x4e\x4f\
\x45\x58\x49\x53\x54\0\x42\x50\x46\x5f\x45\x58\x49\x53\x54\0\x42\x50\x46\x5f\
\x46\x5f\x4c\x4f\x43\x4b\0\x73\x36\x34\0\x61\x74\x6f\x6d\x69\x63\x5f\x64\x65\
\x63\x5f\x69\x66\x5f\x70\x6f\x73\0\x70\0\x61\x74\x74\x65\x6d\x70\x74\0\x6e\x65\
\x77\0\x6f\x6c\x64\0\x68\x61\x6e\x64\x6c\x65\x5f\x73\x77\x69\x74\x63\x68\0\x63\
\x6f\x6c\x6c\x65\x63\x74\x69\x6f\x6e\x5f\x62\x75\x66\x66\0\x70\x72\x6f\x63\x65\
\x73\x73\x69\x6e\x67\x5f\x62\x75\x66\x66\0\x63\x6f\x75\x6e\x74\0\x69\x6e\x74\
\x36\x34\x5f\x74\0\x74\x69\x6d\x65\x73\x74\x61\x6d\x70\0\x75\x36\x34\0\x75\x69\
\x6e\x74\x36\x34\x5f\x74\0\x63\x74\x78\0\x65\x6e\x74\0\x75\x6e\x73\x69\x67\x6e\
\x65\x64\x20\x73\x68\x6f\x72\x74\0\x66\x6c\x61\x67\x73\0\x75\x6e\x73\x69\x67\
\x6e\x65\x64\x20\x63\x68\x61\x72\0\x70\x72\x65\x65\x6d\x70\x74\x5f\x63\x6f\x75\
\x6e\x74\0\x70\x69\x64\0\x74\x72\x61\x63\x65\x5f\x65\x6e\x74\x72\x79\0\x70\x72\
\x65\x76\x5f\x63\x6f\x6d\x6d\0\x70\x72\x65\x76\x5f\x70\x69\x64\0\x5f\x5f\x6b\
\x65\x72\x6e\x65\x6c\x5f\x70\x69\x64\x5f\x74\0\x70\x69\x64\x5f\x74\0\x70\x72\
\x65\x76\x5f\x70\x72\x69\x6f\0\x70\x72\x65\x76\x5f\x73\x74\x61\x74\x65\0\x6e\
\x65\x78\x74\x5f\x63\x6f\x6d\x6d\0\x6e\x65\x78\x74\x5f\x70\x69\x64\0\x6e\x65\
\x78\x74\x5f\x70\x72\x69\x6f\0\x5f\x5f\x64\x61\x74\x61\0\x74\x72\x61\x63\x65\
\x5f\x65\x76\x65\x6e\x74\x5f\x72\x61\x77\x5f\x73\x63\x68\x65\x64\x5f\x73\x77\
\x69\x74\x63\x68\0\x69\0\x69\x6e\x63\x6f\x6d\x69\x6e\x67\x5f\x70\x72\x6f\x63\
\x65\x73\x73\0\x6f\x75\x74\x67\x6f\x69\x6e\x67\x5f\x70\x72\x6f\x63\x65\x73\x73\
\0\x76\x63\x70\x75\0\x76\x6d\0\x6e\x65\x77\x5f\x63\x6f\x75\x6e\x74\0\x63\0\x63\
\x6f\x6c\x6c\x65\x63\x74\x69\x6f\x6e\x5f\x6d\x61\x70\x5f\x70\x74\x72\0\x70\x72\
\x6f\x63\x65\x73\x73\x69\x6e\x67\x5f\x6d\x61\x70\x5f\x70\x74\x72\0\x63\x6f\x6c\
\x6c\x65\x63\x74\x69\x6e\x67\0\x69\x64\x78\0\x63\x70\x75\0\x74\x73\0\x8c\0\0\0\
\x05\0\x08\0\0\0\0\0\0\0\0\0\0\0\0\0\0\0\0\0\x21\0\0\0\0\0\0\0\x42\0\0\0\0\0\0\
\0\x7b\0\0\0\0\0\0\0\xb4\0\0\0\0\0\0\0\xd5\0\0\0\0\0\0\0\xf6\0\0\0\0\0\0\0\x2f\
\x01\0\0\0\0\0\0\0\0\0\0\0\0\0\0\0\0\0\0\0\0\0\0\0\0\0\0\0\0\0\0\0\0\0\0\0\0\0\
\0\x40\x01\0\0\0\0\0\0\x90\x01\0\0\0\0\0\0\xd0\x01\0\0\0\0\0\0\0\x0f\0\0\0\0\0\
\0\0\0\0\x9f\xeb\x01\0\x18\0\0\0\0\0\0\0\x98\x05\0\0\x98\x05\0\0\xf6\x09\0\0\0\
\0\0\0\0\0\0\x02\x03\0\0\0\x01\0\0\0\0\0\0\x01\x04\0\0\0\x20\0\0\x01\0\0\0\0\0\
\0\0\x03\0\0\0\0\x02\0\0\0\x04\0\0\0\x01\0\0\0\x05\0\0\0\0\0\0\x01\x04\0\0\0\
\x20\0\0\0\0\0\0\0\0\0\0\x02\x06\0\0\0\0\0\0\0\0\0\0\x03\0\0\0\0\x02\0\0\0\x04\
\0\0\0\x80\x96\x98\0\0\0\0\0\0\0\0\x02\x08\0\0\0\x19\0\0\0\0\0\0\x08\x09\0\0\0\
\x1f\0\0\0\0\0\0\x01\x04\0\0\0\x20\0\0\0\0\0\0\0\0\0\0\x02\x0b\0\0\0\x2c\0\0\0\
\x02\0\0\x04\x44\0\0\0\x33\0\0\0\x08\0\0\0\0\0\0\0\x3e\0\0\0\x0d\0\0\0\x20\0\0\
\0\x46\0\0\0\0\0\0\x01\x01\0\0\0\x08\0\0\x01\0\0\0\0\0\0\0\x03\0\0\0\0\x0c\0\0\
\0\x04\0\0\0\x40\0\0\0\0\0\0\0\x04\0\0\x04\x20\0\0\0\x4b\0\0\0\x01\0\0\0\0\0\0\
\0\x50\0\0\0\x05\0\0\0\x40\0\0\0\x5c\0\0\0\x07\0\0\0\x80\0\0\0\x60\0\0\0\x0a\0\
\0\0\xc0\0\0\0\x66\0\0\0\0\0\0\x0e\x0e\0\0\0\x01\0\0\0\0\0\0\0\0\0\0\x02\x0d\0\
\0\0\0\0\0\0\0\0\0\x02\x12\0\0\0\x6c\0\0\0\x05\0\0\x04\x98\0\0\0\x71\0\0\0\x13\
\0\0\0\0\0\0\0\x7c\0\0\0\x14\0\0\0\0\x04\0\0\x8a\0\0\0\x08\0\0\0\x40\x04\0\0\
\x9b\0\0\0\x08\0\0\0\x60\x04\0\0\xac\0\0\0\x08\0\0\0\x80\x04\0\0\0\0\0\0\0\0\0\
\x03\0\0\0\0\x0c\0\0\0\x04\0\0\0\x80\0\0\0\xba\0\0\0\0\0\0\x08\x15\0\0\0\xc0\0\
\0\0\0\0\0\x01\x08\0\0\0\x40\0\0\x01\0\0\0\0\x04\0\0\x04\x20\0\0\0\x4b\0\0\0\
\x01\0\0\0\0\0\0\0\x50\0\0\0\x05\0\0\0\x40\0\0\0\x5c\0\0\0\x10\0\0\0\x80\0\0\0\
\x60\0\0\0\x11\0\0\0\xc0\0\0\0\xca\0\0\0\0\0\0\x0e\x16\0\0\0\x01\0\0\0\0\0\0\0\
\0\0\0\x02\x19\0\0\0\0\0\0\0\0\0\0\x03\0\0\0\0\x02\0\0\0\x04\0\0\0\x0d\0\0\0\0\
\0\0\0\0\0\0\x02\x1b\0\0\0\0\0\0\0\0\0\0\x03\0\0\0\0\x02\0\0\0\x04\0\0\0\0\x04\
\0\0\0\0\0\0\x04\0\0\x04\x20\0\0\0\x4b\0\0\0\x18\0\0\0\0\0\0\0\x50\0\0\0\x1a\0\
\0\0\x40\0\0\0\x5c\0\0\0\x10\0\0\0\x80\0\0\0\x60\0\0\0\x07\0\0\0\xc0\0\0\0\xce\
\0\0\0\0\0\0\x0e\x1c\0\0\0\x01\0\0\0\0\0\0\0\0\0\0\x02\x1f\0\0\0\xdb\0\0\0\x09\
\0\0\x04\x40\0\0\0\xf8\0\0\0\x20\0\0\0\0\0\0\0\xfc\0\0\0\x23\0\0\0\x40\0\0\0\
\x06\x01\0\0\x24\0\0\0\xc0\0\0\0\x0f\x01\0\0\x02\0\0\0\xe0\0\0\0\x19\x01\0\0\
\x26\0\0\0\0\x01\0\0\x24\x01\0\0\x23\0\0\0\x40\x01\0\0\x2e\x01\0\0\x24\0\0\0\
\xc0\x01\0\0\x37\x01\0\0\x02\0\0\0\xe0\x01\0\0\x41\x01\0\0\x27\0\0\0\0\x02\0\0\
\x48\x01\0\0\x04\0\0\x04\x08\0\0\0\x4b\0\0\0\x21\0\0\0\0\0\0\0\x54\x01\0\0\x22\
\0\0\0\x10\0\0\0\x5a\x01\0\0\x22\0\0\0\x18\0\0\0\x68\x01\0\0\x02\0\0\0\x20\0\0\
\0\x6c\x01\0\0\0\0\0\x01\x02\0\0\0\x10\0\0\0\x7b\x01\0\0\0\0\0\x01\x01\0\0\0\
\x08\0\0\0\0\0\0\0\0\0\0\x03\0\0\0\0\x0c\0\0\0\x04\0\0\0\x10\0\0\0\x89\x01\0\0\
\0\0\0\x08\x25\0\0\0\x8f\x01\0\0\0\0\0\x08\x02\0\0\0\x9e\x01\0\0\0\0\0\x01\x08\
\0\0\0\x40\0\0\x01\0\0\0\0\0\0\0\x03\0\0\0\0\x0c\0\0\0\x04\0\0\0\0\0\0\0\0\0\0\
\0\x01\0\0\x0d\x02\0\0\0\xa3\x01\0\0\x1e\0\0\0\xa7\x01\0\0\x01\0\0\x0c\x28\0\0\
\0\0\0\0\0\0\0\0\x03\0\0\0\0\x0c\0\0\0\x04\0\0\0\x04\0\0\0\x1a\x09\0\0\0\0\0\
\x0e\x2a\0\0\0\x01\0\0\0\0\0\0\0\0\0\0\x0a\x0c\0\0\0\0\0\0\0\0\0\0\x03\0\0\0\0\
\x2c\0\0\0\x04\0\0\0\x21\0\0\0\x22\x09\0\0\0\0\0\x0e\x2d\0\0\0\0\0\0\0\x38\x09\
\0\0\0\0\0\x0e\x2d\0\0\0\0\0\0\0\0\0\0\0\0\0\0\x03\0\0\0\0\x2c\0\0\0\x04\0\0\0\
\x39\0\0\0\x50\x09\0\0\0\0\0\x0e\x30\0\0\0\0\0\0\0\x68\x09\0\0\0\0\0\x0e\x30\0\
\0\0\0\0\0\0\x80\x09\0\0\0\0\0\x0e\x2d\0\0\0\0\0\0\0\x98\x09\0\0\0\0\0\x0e\x2d\
\0\0\0\0\0\0\0\xb0\x09\0\0\0\0\0\x0e\x30\0\0\0\0\0\0\0\xc8\x09\0\0\0\0\0\x0e\
\x30\0\0\0\0\0\0\0\xe0\x09\0\0\x03\0\0\x0f\0\0\0\0\x0f\0\0\0\0\0\0\0\x20\0\0\0\
\x17\0\0\0\0\0\0\0\x20\0\0\0\x1d\0\0\0\0\0\0\0\x20\0\0\0\xe6\x09\0\0\x08\0\0\
\x0f\0\0\0\0\x2e\0\0\0\0\0\0\0\x21\0\0\0\x2f\0\0\0\x21\0\0\0\x21\0\0\0\x31\0\0\
\0\x42\0\0\0\x39\0\0\0\x32\0\0\0\x7b\0\0\0\x39\0\0\0\x33\0\0\0\xb4\0\0\0\x21\0\
\0\0\x34\0\0\0\xd5\0\0\0\x21\0\0\0\x35\0\0\0\xf6\0\0\0\x39\0\0\0\x36\0\0\0\x2f\
\x01\0\0\x39\0\0\0\xee\x09\0\0\x01\0\0\x0f\0\0\0\0\x2b\0\0\0\0\0\0\0\x04\0\0\0\
\0\x69\x6e\x74\0\x5f\x5f\x41\x52\x52\x41\x59\x5f\x53\x49\x5a\x45\x5f\x54\x59\
\x50\x45\x5f\x5f\0\x5f\x5f\x75\x33\x32\0\x75\x6e\x73\x69\x67\x6e\x65\x64\x20\
\x69\x6e\x74\0\x76\x63\x70\x75\x5f\x74\0\x76\x63\x70\x75\x5f\x69\x6e\x64\x65\
\x78\0\x76\x6d\x5f\x6e\x61\x6d\x65\0\x63\x68\x61\x72\0\x74\x79\x70\x65\0\x6d\
\x61\x78\x5f\x65\x6e\x74\x72\x69\x65\x73\0\x6b\x65\x79\0\x76\x61\x6c\x75\x65\0\
\x76\x63\x70\x75\x73\0\x76\x6d\x5f\x74\0\x71\x6d\x70\x5f\x73\x6f\x63\x6b\x65\
\x74\0\x70\x68\x61\x6e\x74\x6f\x6d\x5f\x63\x6f\x75\x6e\x74\0\x63\x6f\x6c\x6c\
\x65\x63\x74\x69\x6f\x6e\x5f\x69\x6e\x64\x65\x78\0\x70\x72\x6f\x63\x65\x73\x73\
\x69\x6e\x67\x5f\x69\x6e\x64\x65\x78\0\x69\x73\x5f\x63\x6f\x6c\x6c\x65\x63\x74\
\x69\x6e\x67\0\x5f\x5f\x73\x36\x34\0\x6c\x6f\x6e\x67\x20\x6c\x6f\x6e\x67\0\x76\
\x6d\x73\0\x6d\x61\x70\x5f\x72\x65\x67\x69\x73\x74\x72\x79\0\x74\x72\x61\x63\
\x65\x5f\x65\x76\x65\x6e\x74\x5f\x72\x61\x77\x5f\x73\x63\x68\x65\x64\x5f\x73\
\x77\x69\x74\x63\x68\0\x65\x6e\x74\0\x70\x72\x65\x76\x5f\x63\x6f\x6d\x6d\0\x70\
\x72\x65\x76\x5f\x70\x69\x64\0\x70\x72\x65\x76\x5f\x70\x72\x69\x6f\0\x70\x72\
\x65\x76\x5f\x73\x74\x61\x74\x65\0\x6e\x65\x78\x74\x5f\x63\x6f\x6d\x6d\0\x6e\
\x65\x78\x74\x5f\x70\x69\x64\0\x6e\x65\x78\x74\x5f\x70\x72\x69\x6f\0\x5f\x5f\
\x64\x61\x74\x61\0\x74\x72\x61\x63\x65\x5f\x65\x6e\x74\x72\x79\0\x66\x6c\x61\
\x67\x73\0\x70\x72\x65\x65\x6d\x70\x74\x5f\x63\x6f\x75\x6e\x74\0\x70\x69\x64\0\
\x75\x6e\x73\x69\x67\x6e\x65\x64\x20\x73\x68\x6f\x72\x74\0\x75\x6e\x73\x69\x67\
\x6e\x65\x64\x20\x63\x68\x61\x72\0\x70\x69\x64\x5f\x74\0\x5f\x5f\x6b\x65\x72\
\x6e\x65\x6c\x5f\x70\x69\x64\x5f\x74\0\x6c\x6f\x6e\x67\0\x63\x74\x78\0\x68\x61\
\x6e\x64\x6c\x65\x5f\x73\x77\x69\x74\x63\x68\0\x74\x70\x2f\x73\x63\x68\x65\x64\
\x2f\x73\x63\x68\x65\x64\x5f\x73\x77\x69\x74\x63\x68\0\x2f\x68\x6f\x6d\x65\x2f\
\x66\x75\x72\x65\x68\x5f\x6d\x69\x74\x6f\x74\x6f\x2f\x50\x68\x61\x6e\x74\x6f\
\x6d\x5f\x54\x72\x61\x63\x6b\x65\x72\x2f\x70\x68\x61\x6e\x74\x6f\x6d\x2d\x74\
\x72\x61\x63\x6b\x65\x72\x2f\x70\x76\x73\x63\x68\x65\x64\x2d\x68\x6f\x73\x74\
\x2f\x65\x62\x70\x66\x2f\x63\x72\x65\x61\x74\x65\x5f\x6d\x61\x70\x73\x2f\x63\
\x72\x65\x61\x74\x65\x5f\x6d\x61\x70\x73\x2e\x62\x70\x66\x2e\x63\0\x69\x6e\x74\
\x20\x68\x61\x6e\x64\x6c\x65\x5f\x73\x77\x69\x74\x63\x68\x28\x73\x74\x72\x75\
\x63\x74\x20\x74\x72\x61\x63\x65\x5f\x65\x76\x65\x6e\x74\x5f\x72\x61\x77\x5f\
\x73\x63\x68\x65\x64\x5f\x73\x77\x69\x74\x63\x68\x20\x2a\x63\x74\x78\x29\0\x09\
\x63\x68\x61\x72\x20\x63\x6f\x6c\x6c\x65\x63\x74\x69\x6f\x6e\x5f\x62\x75\x66\
\x66\x5b\x56\x4d\x5f\x4e\x41\x4d\x45\x5f\x4c\x45\x4e\x5d\x20\x3d\x20\x7b\x7d\
\x3b\0\x09\x63\x68\x61\x72\x20\x70\x72\x6f\x63\x65\x73\x73\x69\x6e\x67\x5f\x62\
\x75\x66\x66\x5b\x56\x4d\x5f\x4e\x41\x4d\x45\x5f\x4c\x45\x4e\x5d\x20\x3d\x20\
\x7b\x7d\x3b\0\x09\x73\x74\x72\x75\x63\x74\x20\x70\x68\x61\x6e\x74\x6f\x6d\x5f\
\x63\x6f\x75\x6e\x74\x20\x63\x6f\x75\x6e\x74\x20\x3d\x20\x7b\x7d\x3b\0\x09\x74\
\x73\x20\x3d\x20\x62\x70\x66\x5f\x6b\x74\x69\x6d\x65\x5f\x67\x65\x74\x5f\x6e\
\x73\x28\x29\x3b\0\x30\x3a\x36\0\x09\x69\x6e\x63\x6f\x6d\x69\x6e\x67\x5f\x70\
\x72\x6f\x63\x65\x73\x73\x20\x3d\x20\x63\x74\x78\x2d\x3e\x6e\x65\x78\x74\x5f\
\x70\x69\x64\x3b\0\x30\x3a\x32\0\x09\x6f\x75\x74\x67\x6f\x69\x6e\x67\x5f\x70\
\x72\x6f\x63\x65\x73\x73\x20\x3d\x20\x63\x74\x78\x2d\x3e\x70\x72\x65\x76\x5f\
\x70\x69\x64\x3b\0\x09\x76\x63\x70\x75\x20\x3d\x20\x62\x70\x66\x5f\x6d\x61\x70\
\x5f\x6c\x6f\x6f\x6b\x75\x70\x5f\x65\x6c\x65\x6d\x28\x26\x76\x63\x70\x75\x73\
\x2c\x20\x26\x69\x6e\x63\x6f\x6d\x69\x6e\x67\x5f\x70\x72\x6f\x63\x65\x73\x73\
\x29\x3b\0\x09\x69\x66\x20\x28\x76\x63\x70\x75\x20\x21\x3d\x20\x4e\x55\x4c\x4c\
\x29\x20\x7b\0\x09\x09\x76\x6d\x20\x3d\x20\x62\x70\x66\x5f\x6d\x61\x70\x5f\x6c\
\x6f\x6f\x6b\x75\x70\x5f\x65\x6c\x65\x6d\x28\x26\x76\x6d\x73\x2c\x20\x76\x63\
\x70\x75\x2d\x3e\x76\x6d\x5f\x6e\x61\x6d\x65\x29\x3b\0\x09\x09\x69\x66\x20\x28\
\x76\x6d\x20\x21\x3d\x20\x4e\x55\x4c\x4c\x29\x20\x7b\0\x09\x66\x6f\x72\x20\x28\
\x69\x6e\x74\x20\x61\x74\x74\x65\x6d\x70\x74\x20\x3d\x20\x30\x3b\x20\x61\x74\
\x74\x65\x6d\x70\x74\x20\x3c\x20\x38\x3b\x20\x61\x74\x74\x65\x6d\x70\x74\x2b\
\x2b\x29\x20\x7b\0\x09\x09\x73\x36\x34\x20\x6e\x65\x77\x20\x3d\x20\x6f\x6c\x64\
\x20\x2d\x20\x31\x3b\0\x09\x09\x69\x66\x20\x28\x5f\x5f\x73\x79\x6e\x63\x5f\x76\
\x61\x6c\x5f\x63\x6f\x6d\x70\x61\x72\x65\x5f\x61\x6e\x64\x5f\x73\x77\x61\x70\
\x28\x70\x2c\x20\x6f\x6c\x64\x2c\x20\x6e\x65\x77\x29\x20\x3d\x3d\x20\x6f\x6c\
\x64\x29\x20\x7b\0\x09\x09\x09\x09\x63\x68\x61\x72\x20\x63\x20\x3d\x20\x76\x63\
\x70\x75\x2d\x3e\x76\x6d\x5f\x6e\x61\x6d\x65\x5b\x69\x5d\x3b\0\x09\x09\x09\x09\
\x70\x72\x6f\x63\x65\x73\x73\x69\x6e\x67\x5f\x62\x75\x66\x66\x5b\x69\x5d\x20\
\x3d\x20\x63\x3b\0\x09\x09\x09\x09\x63\x6f\x6c\x6c\x65\x63\x74\x69\x6f\x6e\x5f\
\x62\x75\x66\x66\x5b\x69\x5d\x20\x3d\x20\x63\x3b\0\x09\x09\x09\x63\x6f\x6c\x6c\
\x65\x63\x74\x69\x6f\x6e\x5f\x62\x75\x66\x66\x5b\x69\x5d\x20\x3d\x20\x27\x5f\
\x27\x3b\0\x09\x09\x09\x70\x72\x6f\x63\x65\x73\x73\x69\x6e\x67\x5f\x62\x75\x66\
\x66\x5b\x69\x5d\x20\x3d\x20\x27\x5f\x27\x3b\0\x09\x09\x09\x63\x6f\x6c\x6c\x65\
\x63\x74\x69\x6f\x6e\x5f\x62\x75\x66\x66\x5b\x69\x20\x2b\x20\x31\x5d\x20\x3d\
\x20\x27\x63\x27\x3b\0\x09\x09\x09\x70\x72\x6f\x63\x65\x73\x73\x69\x6e\x67\x5f\
\x62\x75\x66\x66\x5b\x69\x20\x2b\x20\x31\x5d\x20\x3d\x20\x27\x70\x27\x3b\0\x09\
\x09\x09\x63\x6f\x6c\x6c\x65\x63\x74\x69\x6f\x6e\x5f\x62\x75\x66\x66\x5b\x69\
\x20\x2b\x20\x32\x5d\x20\x3d\x20\x27\x5c\x30\x27\x3b\0\x09\x09\x09\x70\x72\x6f\
\x63\x65\x73\x73\x69\x6e\x67\x5f\x62\x75\x66\x66\x5b\x69\x20\x2b\x20\x32\x5d\
\x20\x3d\x20\x27\x5c\x30\x27\x3b\0\x09\x09\x09\x63\x6f\x6c\x6c\x65\x63\x74\x69\
\x6f\x6e\x5f\x6d\x61\x70\x5f\x70\x74\x72\x20\x3d\x20\x62\x70\x66\x5f\x6d\x61\
\x70\x5f\x6c\x6f\x6f\x6b\x75\x70\x5f\x65\x6c\x65\x6d\x28\0\x09\x09\x09\x69\x66\
\x20\x28\x21\x63\x6f\x6c\x6c\x65\x63\x74\x69\x6f\x6e\x5f\x6d\x61\x70\x5f\x70\
\x74\x72\x29\x20\x7b\0\x09\x09\x09\x09\x62\x70\x66\x5f\x70\x72\x69\x6e\x74\x6b\
\x28\x22\x45\x72\x72\x6f\x72\x20\x4f\x70\x65\x6e\x69\x6e\x67\x20\x63\x6f\x6c\
\x6c\x65\x63\x74\x69\x6f\x6e\x20\x62\x75\x66\x66\x65\x72\x5c\x6e\x22\x29\x3b\0\
\x09\x09\x09\x70\x72\x6f\x63\x65\x73\x73\x69\x6e\x67\x5f\x6d\x61\x70\x5f\x70\
\x74\x72\x20\x3d\x20\x62\x70\x66\x5f\x6d\x61\x70\x5f\x6c\x6f\x6f\x6b\x75\x70\
\x5f\x65\x6c\x65\x6d\x28\0\x09\x09\x09\x69\x66\x20\x28\x21\x70\x72\x6f\x63\x65\
\x73\x73\x69\x6e\x67\x5f\x6d\x61\x70\x5f\x70\x74\x72\x29\x20\x7b\0\x09\x09\x09\
\x09\x62\x70\x66\x5f\x70\x72\x69\x6e\x74\x6b\x28\x22\x45\x72\x72\x6f\x72\x20\
\x4f\x70\x65\x6e\x69\x6e\x67\x20\x70\x72\x6f\x63\x65\x73\x73\x69\x6e\x67\x20\
\x62\x75\x66\x66\x65\x72\x5c\x6e\x22\x29\x3b\0\x09\x09\x09\x5f\x5f\x75\x33\x32\
\x20\x63\x6f\x6c\x6c\x65\x63\x74\x69\x6e\x67\x20\x3d\x20\x2a\x28\x76\x6f\x6c\
\x61\x74\x69\x6c\x65\x20\x5f\x5f\x75\x33\x32\x20\x2a\x29\x26\x76\x6d\x2d\x3e\
\x69\x73\x5f\x63\x6f\x6c\x6c\x65\x63\x74\x69\x6e\x67\x3b\0\x09\x09\x09\x69\x66\
\x20\x28\x63\x6f\x6c\x6c\x65\x63\x74\x69\x6e\x67\x20\x3d\x3d\x20\x31\x29\x20\
\x7b\0\x09\x09\x09\x09\x63\x6f\x6c\x6c\x65\x63\x74\x69\x6f\x6e\x5f\x6d\x61\x70\
\x5f\x70\x74\x72\x20\x3d\x20\x62\x70\x66\x5f\x6d\x61\x70\x5f\x6c\x6f\x6f\x6b\
\x75\x70\x5f\x65\x6c\x65\x6d\x28\0\x09\x09\x09\x09\x69\x66\x20\x28\x63\x6f\x6c\
\x6c\x65\x63\x74\x69\x6f\x6e\x5f\x6d\x61\x70\x5f\x70\x74\x72\x20\x21\x3d\x20\
\x4e\x55\x4c\x4c\x29\x20\x7b\0\x09\x09\x09\x09\x09\x69\x64\x78\x20\x3d\x20\x5f\
\x5f\x73\x79\x6e\x63\x5f\x66\x65\x74\x63\x68\x5f\x61\x6e\x64\x5f\x61\x64\x64\
\x28\x26\x76\x6d\x2d\x3e\x63\x6f\x6c\x6c\x65\x63\x74\x69\x6f\x6e\x5f\x69\x6e\
\x64\x65\x78\x2c\x20\x31\x29\x3b\0\x09\x09\x09\x09\x09\x63\x6f\x75\x6e\x74\x2e\
\x74\x69\x6d\x65\x73\x74\x61\x6d\x70\x20\x3d\x20\x62\x70\x66\x5f\x6b\x74\x69\
\x6d\x65\x5f\x67\x65\x74\x5f\x6e\x73\x28\x29\x3b\0\x09\x09\x09\x09\x09\x63\x6f\
\x75\x6e\x74\x2e\x63\x6f\x75\x6e\x74\x20\x3d\x20\x6e\x65\x77\x5f\x63\x6f\x75\
\x6e\x74\x3b\0\x09\x09\x09\x09\x09\x62\x70\x66\x5f\x6d\x61\x70\x5f\x75\x70\x64\
\x61\x74\x65\x5f\x65\x6c\x65\x6d\x28\x63\x6f\x6c\x6c\x65\x63\x74\x69\x6f\x6e\
\x5f\x6d\x61\x70\x5f\x70\x74\x72\x2c\0\x09\x09\x09\x09\x09\x62\x70\x66\x5f\x70\
\x72\x69\x6e\x74\x6b\x28\0\x09\x09\x09\x09\x70\x72\x6f\x63\x65\x73\x73\x69\x6e\
\x67\x5f\x6d\x61\x70\x5f\x70\x74\x72\x20\x3d\x20\x62\x70\x66\x5f\x6d\x61\x70\
\x5f\x6c\x6f\x6f\x6b\x75\x70\x5f\x65\x6c\x65\x6d\x28\0\x09\x09\x09\x09\x69\x66\
\x20\x28\x70\x72\x6f\x63\x65\x73\x73\x69\x6e\x67\x5f\x6d\x61\x70\x5f\x70\x74\
\x72\x20\x21\x3d\x20\x4e\x55\x4c\x4c\x29\x20\x7b\0\x09\x09\x09\x09\x09\x69\x64\
\x78\x20\x3d\x20\x5f\x5f\x73\x79\x6e\x63\x5f\x66\x65\x74\x63\x68\x5f\x61\x6e\
\x64\x5f\x61\x64\x64\x28\x26\x76\x6d\x2d\x3e\x70\x72\x6f\x63\x65\x73\x73\x69\
\x6e\x67\x5f\x69\x6e\x64\x65\x78\x2c\x20\x31\x29\x3b\0\x09\x09\x09\x09\x09\x62\
\x70\x66\x5f\x6d\x61\x70\x5f\x75\x70\x64\x61\x74\x65\x5f\x65\x6c\x65\x6d\x28\
\x70\x72\x6f\x63\x65\x73\x73\x69\x6e\x67\x5f\x6d\x61\x70\x5f\x70\x74\x72\x2c\0\
\x09\x76\x63\x70\x75\x20\x3d\x20\x62\x70\x66\x5f\x6d\x61\x70\x5f\x6c\x6f\x6f\
\x6b\x75\x70\x5f\x65\x6c\x65\x6d\x28\x26\x76\x63\x70\x75\x73\x2c\x20\x26\x6f\
\x75\x74\x67\x6f\x69\x6e\x67\x5f\x70\x72\x6f\x63\x65\x73\x73\x29\x3b\0\x09\x09\
\x09\x6e\x65\x77\x5f\x63\x6f\x75\x6e\x74\x20\x3d\x20\x5f\x5f\x73\x79\x6e\x63\
\x5f\x66\x65\x74\x63\x68\x5f\x61\x6e\x64\x5f\x61\x64\x64\x28\x26\x76\x6d\x2d\
\x3e\x70\x68\x61\x6e\x74\x6f\x6d\x5f\x63\x6f\x75\x6e\x74\x2c\x20\x31\x29\x20\
\x2b\x20\x31\x3b\0\x09\x72\x65\x74\x75\x72\x6e\x20\x30\x3b\0\x4c\x49\x43\x45\
\x4e\x53\x45\0\x68\x61\x6e\x64\x6c\x65\x5f\x73\x77\x69\x74\x63\x68\x2e\x5f\x5f\
\x5f\x5f\x66\x6d\x74\0\x68\x61\x6e\x64\x6c\x65\x5f\x73\x77\x69\x74\x63\x68\x2e\
\x5f\x5f\x5f\x5f\x66\x6d\x74\x2e\x31\0\x68\x61\x6e\x64\x6c\x65\x5f\x73\x77\x69\
\x74\x63\x68\x2e\x5f\x5f\x5f\x5f\x66\x6d\x74\x2e\x32\0\x68\x61\x6e\x64\x6c\x65\
\x5f\x73\x77\x69\x74\x63\x68\x2e\x5f\x5f\x5f\x5f\x66\x6d\x74\x2e\x33\0\x68\x61\
\x6e\x64\x6c\x65\x5f\x73\x77\x69\x74\x63\x68\x2e\x5f\x5f\x5f\x5f\x66\x6d\x74\
\x2e\x34\0\x68\x61\x6e\x64\x6c\x65\x5f\x73\x77\x69\x74\x63\x68\x2e\x5f\x5f\x5f\
\x5f\x66\x6d\x74\x2e\x35\0\x68\x61\x6e\x64\x6c\x65\x5f\x73\x77\x69\x74\x63\x68\
\x2e\x5f\x5f\x5f\x5f\x66\x6d\x74\x2e\x36\0\x68\x61\x6e\x64\x6c\x65\x5f\x73\x77\
\x69\x74\x63\x68\x2e\x5f\x5f\x5f\x5f\x66\x6d\x74\x2e\x37\0\x2e\x6d\x61\x70\x73\
\0\x2e\x72\x6f\x64\x61\x74\x61\0\x6c\x69\x63\x65\x6e\x73\x65\0\0\0\x9f\xeb\x01\
\0\x20\0\0\0\0\0\0\0\x14\0\0\0\x14\0\0\0\x8c\x1e\0\0\xa0\x1e\0\0\x2c\0\0\0\x08\
\0\0\0\xb5\x01\0\0\x01\0\0\0\0\0\0\0\x29\0\0\0\x10\0\0\0\xb5\x01\0\0\xe8\x01\0\
\0\0\0\0\0\xcb\x01\0\0\x2e\x02\0\0\0\xf0\0\0\x10\0\0\0\xcb\x01\0\0\x6a\x02\0\0\
\x07\x0c\x01\0\x50\0\0\0\xcb\x01\0\0\x93\x02\0\0\x07\x10\x01\0\x90\0\0\0\xcb\
\x01\0\0\xbc\x02\0\0\x17\x1c\x01\0\xa0\0\0\0\xcb\x01\0\0\xde\x02\0\0\x07\x2c\
\x01\0\xa8\0\0\0\xcb\x01\0\0\xfc\x02\0\0\x1a\x34\x01\0\xb0\0\0\0\xcb\x01\0\0\
\xfc\x02\0\0\x13\x34\x01\0\xb8\0\0\0\xcb\x01\0\0\x23\x03\0\0\x1a\x38\x01\0\xc0\
\0\0\0\xcb\x01\0\0\x23\x03\0\0\x13\x38\x01\0\xd0\0\0\0\xcb\x01\0\0\0\0\0\0\0\0\
\0\0\xd8\0\0\0\xcb\x01\0\0\x46\x03\0\0\x09\x40\x01\0\xf8\0\0\0\xcb\x01\0\0\x7e\
\x03\0\0\x06\x48\x01\0\0\x01\0\0\xcb\x01\0\0\x93\x03\0\0\x28\x50\x01\0\x10\x01\
\0\0\xcb\x01\0\0\x93\x03\0\0\x08\x50\x01\0\x38\x01\0\0\xcb\x01\0\0\xc4\x03\0\0\
\x07\x58\x01\0\x40\x01\0\0\xcb\x01\0\0\0\0\0\0\0\0\0\0\x48\x01\0\0\xcb\x01\0\0\
\xd8\x03\0\0\x02\xa4\0\0\x68\x01\0\0\xcb\x01\0\0\0\0\0\0\0\0\0\0\x70\x01\0\0\
\xcb\x01\0\0\xd8\x03\0\0\x02\xa4\0\0\x78\x01\0\0\xcb\x01\0\0\0\0\0\0\0\0\0\0\
\x88\x01\0\0\xcb\x01\0\0\xd8\x03\0\0\x02\xa4\0\0\x90\x01\0\0\xcb\x01\0\0\x09\
\x04\0\0\x11\xb8\0\0\x98\x01\0\0\xcb\x01\0\0\x1e\x04\0\0\x07\xbc\0\0\xd0\x01\0\
\0\xcb\x01\0\0\x57\x04\0\0\x0e\x80\x01\0\xd8\x01\0\0\xcb\x01\0\0\x76\x04\0\0\
\x18\x88\x01\0\xe0\x01\0\0\xcb\x01\0\0\x92\x04\0\0\x18\x84\x01\0\0\x02\0\0\xcb\
\x01\0\0\x57\x04\0\0\x0e\x80\x01\0\x08\x02\0\0\xcb\x01\0\0\x76\x04\0\0\x18\x88\
\x01\0\x10\x02\0\0\xcb\x01\0\0\x92\x04\0\0\x18\x84\x01\0\x28\x02\0\0\xcb\x01\0\
\0\x57\x04\0\0\x0e\x80\x01\0\x30\x02\0\0\xcb\x01\0\0\x76\x04\0\0\x18\x88\x01\0\
\x38\x02\0\0\xcb\x01\0\0\x92\x04\0\0\x18\x84\x01\0\x50\x02\0\0\xcb\x01\0\0\x57\
\x04\0\0\x0e\x80\x01\0\x58\x02\0\0\xcb\x01\0\0\x76\x04\0\0\x18\x88\x01\0\x60\
\x02\0\0\xcb\x01\0\0\x92\x04\0\0\x18\x84\x01\0\x78\x02\0\0\xcb\x01\0\0\x57\x04\
\0\0\x0e\x80\x01\0\x80\x02\0\0\xcb\x01\0\0\x76\x04\0\0\x18\x88\x01\0\x88\x02\0\
\0\xcb\x01\0\0\x92\x04\0\0\x18\x84\x01\0\xa0\x02\0\0\xcb\x01\0\0\x57\x04\0\0\
\x0e\x80\x01\0\xa8\x02\0\0\xcb\x01\0\0\x76\x04\0\0\x18\x88\x01\0\xb0\x02\0\0\
\xcb\x01\0\0\x92\x04\0\0\x18\x84\x01\0\xc8\x02\0\0\xcb\x01\0\0\x57\x04\0\0\x0e\
\x80\x01\0\xd0\x02\0\0\xcb\x01\0\0\x76\x04\0\0\x18\x88\x01\0\xd8\x02\0\0\xcb\
\x01\0\0\x92\x04\0\0\x18\x84\x01\0\xf0\x02\0\0\xcb\x01\0\0\x57\x04\0\0\x0e\x80\
\x01\0\xf8\x02\0\0\xcb\x01\0\0\x76\x04\0\0\x18\x88\x01\0\0\x03\0\0\xcb\x01\0\0\
\x92\x04\0\0\x18\x84\x01\0\x18\x03\0\0\xcb\x01\0\0\x57\x04\0\0\x0e\x80\x01\0\
\x20\x03\0\0\xcb\x01\0\0\x76\x04\0\0\x18\x88\x01\0\x28\x03\0\0\xcb\x01\0\0\x92\
\x04\0\0\x18\x84\x01\0\x40\x03\0\0\xcb\x01\0\0\x57\x04\0\0\x0e\x80\x01\0\x48\
\x03\0\0\xcb\x01\0\0\x76\x04\0\0\x18\x88\x01\0\x50\x03\0\0\xcb\x01\0\0\x92\x04\
\0\0\x18\x84\x01\0\x68\x03\0\0\xcb\x01\0\0\x57\x04\0\0\x0e\x80\x01\0\x70\x03\0\
\0\xcb\x01\0\0\x76\x04\0\0\x18\x88\x01\0\x78\x03\0\0\xcb\x01\0\0\x92\x04\0\0\
\x18\x84\x01\0\x90\x03\0\0\xcb\x01\0\0\x57\x04\0\0\x0e\x80\x01\0\x98\x03\0\0\
\xcb\x01\0\0\x76\x04\0\0\x18\x88\x01\0\xa0\x03\0\0\xcb\x01\0\0\x92\x04\0\0\x18\
\x84\x01\0\xb8\x03\0\0\xcb\x01\0\0\x57\x04\0\0\x0e\x80\x01\0\xc0\x03\0\0\xcb\
\x01\0\0\x76\x04\0\0\x18\x88\x01\0\xc8\x03\0\0\xcb\x01\0\0\x92\x04\0\0\x18\x84\
\x01\0\xe0\x03\0\0\xcb\x01\0\0\x57\x04\0\0\x0e\x80\x01\0\xe8\x03\0\0\xcb\x01\0\
\0\x76\x04\0\0\x18\x88\x01\0\xf0\x03\0\0\xcb\x01\0\0\x92\x04\0\0\x18\x84\x01\0\
\x08\x04\0\0\xcb\x01\0\0\x57\x04\0\0\x0e\x80\x01\0\x10\x04\0\0\xcb\x01\0\0\x76\
\x04\0\0\x18\x88\x01\0\x18\x04\0\0\xcb\x01\0\0\x92\x04\0\0\x18\x84\x01\0\x30\
\x04\0\0\xcb\x01\0\0\x57\x04\0\0\x0e\x80\x01\0\x38\x04\0\0\xcb\x01\0\0\x76\x04\
\0\0\x18\x88\x01\0\x40\x04\0\0\xcb\x01\0\0\x92\x04\0\0\x18\x84\x01\0\x58\x04\0\
\0\xcb\x01\0\0\x57\x04\0\0\x0e\x80\x01\0\x60\x04\0\0\xcb\x01\0\0\x76\x04\0\0\
\x18\x88\x01\0\x68\x04\0\0\xcb\x01\0\0\x92\x04\0\0\x18\x84\x01\0\x80\x04\0\0\
\xcb\x01\0\0\x57\x04\0\0\x0e\x80\x01\0\x88\x04\0\0\xcb\x01\0\0\x76\x04\0\0\x18\
\x88\x01\0\x90\x04\0\0\xcb\x01\0\0\x92\x04\0\0\x18\x84\x01\0\xa8\x04\0\0\xcb\
\x01\0\0\x57\x04\0\0\x0e\x80\x01\0\xb0\x04\0\0\xcb\x01\0\0\x76\x04\0\0\x18\x88\
\x01\0\xb8\x04\0\0\xcb\x01\0\0\x92\x04\0\0\x18\x84\x01\0\xd0\x04\0\0\xcb\x01\0\
\0\x57\x04\0\0\x0e\x80\x01\0\xd8\x04\0\0\xcb\x01\0\0\x76\x04\0\0\x18\x88\x01\0\
\xe0\x04\0\0\xcb\x01\0\0\x92\x04\0\0\x18\x84\x01\0\xf8\x04\0\0\xcb\x01\0\0\x57\
\x04\0\0\x0e\x80\x01\0\0\x05\0\0\xcb\x01\0\0\x76\x04\0\0\x18\x88\x01\0\x08\x05\
\0\0\xcb\x01\0\0\x92\x04\0\0\x18\x84\x01\0\x20\x05\0\0\xcb\x01\0\0\x57\x04\0\0\
\x0e\x80\x01\0\x28\x05\0\0\xcb\x01\0\0\x76\x04\0\0\x18\x88\x01\0\x30\x05\0\0\
\xcb\x01\0\0\x92\x04\0\0\x18\x84\x01\0\x48\x05\0\0\xcb\x01\0\0\x57\x04\0\0\x0e\
\x80\x01\0\x50\x05\0\0\xcb\x01\0\0\x76\x04\0\0\x18\x88\x01\0\x58\x05\0\0\xcb\
\x01\0\0\x92\x04\0\0\x18\x84\x01\0\x70\x05\0\0\xcb\x01\0\0\x57\x04\0\0\x0e\x80\
\x01\0\x78\x05\0\0\xcb\x01\0\0\x76\x04\0\0\x18\x88\x01\0\x80\x05\0\0\xcb\x01\0\
\0\x92\x04\0\0\x18\x84\x01\0\x98\x05\0\0\xcb\x01\0\0\x57\x04\0\0\x0e\x80\x01\0\
\xa0\x05\0\0\xcb\x01\0\0\x76\x04\0\0\x18\x88\x01\0\xa8\x05\0\0\xcb\x01\0\0\x92\
\x04\0\0\x18\x84\x01\0\xc0\x05\0\0\xcb\x01\0\0\x57\x04\0\0\x0e\x80\x01\0\xc8\
\x05\0\0\xcb\x01\0\0\x76\x04\0\0\x18\x88\x01\0\xd0\x05\0\0\xcb\x01\0\0\x92\x04\
\0\0\x18\x84\x01\0\xe8\x05\0\0\xcb\x01\0\0\x57\x04\0\0\x0e\x80\x01\0\xf0\x05\0\
\0\xcb\x01\0\0\x76\x04\0\0\x18\x88\x01\0\xf8\x05\0\0\xcb\x01\0\0\x92\x04\0\0\
\x18\x84\x01\0\x10\x06\0\0\xcb\x01\0\0\x57\x04\0\0\x0e\x80\x01\0\x18\x06\0\0\
\xcb\x01\0\0\x76\x04\0\0\x18\x88\x01\0\x20\x06\0\0\xcb\x01\0\0\x92\x04\0\0\x18\
\x84\x01\0\x38\x06\0\0\xcb\x01\0\0\x57\x04\0\0\x0e\x80\x01\0\x40\x06\0\0\xcb\
\x01\0\0\x76\x04\0\0\x18\x88\x01\0\x48\x06\0\0\xcb\x01\0\0\x92\x04\0\0\x18\x84\
\x01\0\x60\x06\0\0\xcb\x01\0\0\x57\x04\0\0\x0e\x80\x01\0\x68\x06\0\0\xcb\x01\0\
\0\x76\x04\0\0\x18\x88\x01\0\x70\x06\0\0\xcb\x01\0\0\x92\x04\0\0\x18\x84\x01\0\
\x88\x06\0\0\xcb\x01\0\0\x57\x04\0\0\x0e\x80\x01\0\x90\x06\0\0\xcb\x01\0\0\x76\
\x04\0\0\x18\x88\x01\0\x98\x06\0\0\xcb\x01\0\0\x92\x04\0\0\x18\x84\x01\0\xb0\
\x06\0\0\xcb\x01\0\0\x57\x04\0\0\x0e\x80\x01\0\xb8\x06\0\0\xcb\x01\0\0\x76\x04\
\0\0\x18\x88\x01\0\xc0\x06\0\0\xcb\x01\0\0\x92\x04\0\0\x18\x84\x01\0\xd8\x06\0\
\0\xcb\x01\0\0\x57\x04\0\0\x0e\x80\x01\0\xe0\x06\0\0\xcb\x01\0\0\x76\x04\0\0\
\x18\x88\x01\0\xe8\x06\0\0\xcb\x01\0\0\x92\x04\0\0\x18\x84\x01\0\0\x07\0\0\xcb\
\x01\0\0\x57\x04\0\0\x0e\x80\x01\0\x08\x07\0\0\xcb\x01\0\0\x76\x04\0\0\x18\x88\
\x01\0\x10\x07\0\0\xcb\x01\0\0\x92\x04\0\0\x18\x84\x01\0\x28\x07\0\0\xcb\x01\0\
\0\x57\x04\0\0\x0e\x80\x01\0\x30\x07\0\0\xcb\x01\0\0\x76\x04\0\0\x18\x88\x01\0\
\x38\x07\0\0\xcb\x01\0\0\x92\x04\0\0\x18\x84\x01\0\x50\x07\0\0\xcb\x01\0\0\x57\
\x04\0\0\x0e\x80\x01\0\x58\x07\0\0\xcb\x01\0\0\x76\x04\0\0\x18\x88\x01\0\x60\
\x07\0\0\xcb\x01\0\0\x92\x04\0\0\x18\x84\x01\0\x78\x07\0\0\xcb\x01\0\0\x57\x04\
\0\0\x0e\x80\x01\0\x80\x07\0\0\xcb\x01\0\0\x76\x04\0\0\x18\x88\x01\0\x88\x07\0\
\0\xcb\x01\0\0\x92\x04\0\0\x18\x84\x01\0\xa0\x07\0\0\xcb\x01\0\0\x57\x04\0\0\
\x0e\x80\x01\0\xa8\x07\0\0\xcb\x01\0\0\x76\x04\0\0\x18\x88\x01\0\xb0\x07\0\0\
\xcb\x01\0\0\x92\x04\0\0\x18\x84\x01\0\xc8\x07\0\0\xcb\x01\0\0\x57\x04\0\0\x0e\
\x80\x01\0\xd0\x07\0\0\xcb\x01\0\0\x76\x04\0\0\x18\x88\x01\0\xd8\x07\0\0\xcb\
\x01\0\0\x92\x04\0\0\x18\x84\x01\0\xf0\x07\0\0\xcb\x01\0\0\x57\x04\0\0\x0e\x80\
\x01\0\xf8\x07\0\0\xcb\x01\0\0\x76\x04\0\0\x18\x88\x01\0\0\x08\0\0\xcb\x01\0\0\
\x92\x04\0\0\x18\x84\x01\0\x18\x08\0\0\xcb\x01\0\0\x57\x04\0\0\x0e\x80\x01\0\
\x20\x08\0\0\xcb\x01\0\0\x76\x04\0\0\x18\x88\x01\0\x28\x08\0\0\xcb\x01\0\0\x92\
\x04\0\0\x18\x84\x01\0\x40\x08\0\0\xcb\x01\0\0\x57\x04\0\0\x0e\x80\x01\0\x48\
\x08\0\0\xcb\x01\0\0\x76\x04\0\0\x18\x88\x01\0\x50\x08\0\0\xcb\x01\0\0\x92\x04\
\0\0\x18\x84\x01\0\x68\x08\0\0\xcb\x01\0\0\x57\x04\0\0\x0e\x80\x01\0\x70\x08\0\
\0\xcb\x01\0\0\x76\x04\0\0\x18\x88\x01\0\x78\x08\0\0\xcb\x01\0\0\x92\x04\0\0\
\x18\x84\x01\0\x90\x08\0\0\xcb\x01\0\0\x57\x04\0\0\x0e\x80\x01\0\x98\x08\0\0\
\xcb\x01\0\0\x76\x04\0\0\x18\x88\x01\0\xa0\x08\0\0\xcb\x01\0\0\x92\x04\0\0\x18\
\x84\x01\0\xb8\x08\0\0\xcb\x01\0\0\x57\x04\0\0\x0e\x80\x01\0\xc0\x08\0\0\xcb\
\x01\0\0\x76\x04\0\0\x18\x88\x01\0\xc8\x08\0\0\xcb\x01\0\0\x92\x04\0\0\x18\x84\
\x01\0\xe0\x08\0\0\xcb\x01\0\0\x57\x04\0\0\x0e\x80\x01\0\xe8\x08\0\0\xcb\x01\0\
\0\x76\x04\0\0\x18\x88\x01\0\xf0\x08\0\0\xcb\x01\0\0\x92\x04\0\0\x18\x84\x01\0\
\x08\x09\0\0\xcb\x01\0\0\x57\x04\0\0\x0e\x80\x01\0\x10\x09\0\0\xcb\x01\0\0\x76\
\x04\0\0\x18\x88\x01\0\x18\x09\0\0\xcb\x01\0\0\x92\x04\0\0\x18\x84\x01\0\x30\
\x09\0\0\xcb\x01\0\0\x57\x04\0\0\x0e\x80\x01\0\x38\x09\0\0\xcb\x01\0\0\x76\x04\
\0\0\x18\x88\x01\0\x40\x09\0\0\xcb\x01\0\0\x92\x04\0\0\x18\x84\x01\0\x58\x09\0\
\0\xcb\x01\0\0\x57\x04\0\0\x0e\x80\x01\0\x60\x09\0\0\xcb\x01\0\0\x76\x04\0\0\
\x18\x88\x01\0\x68\x09\0\0\xcb\x01\0\0\x92\x04\0\0\x18\x84\x01\0\x80\x09\0\0\
\xcb\x01\0\0\x57\x04\0\0\x0e\x80\x01\0\x88\x09\0\0\xcb\x01\0\0\x76\x04\0\0\x18\
\x88\x01\0\x90\x09\0\0\xcb\x01\0\0\x92\x04\0\0\x18\x84\x01\0\xa8\x09\0\0\xcb\
\x01\0\0\x57\x04\0\0\x0e\x80\x01\0\xb0\x09\0\0\xcb\x01\0\0\x76\x04\0\0\x18\x88\
\x01\0\xb8\x09\0\0\xcb\x01\0\0\x92\x04\0\0\x18\x84\x01\0\xd0\x09\0\0\xcb\x01\0\
\0\x57\x04\0\0\x0e\x80\x01\0\xd8\x09\0\0\xcb\x01\0\0\x76\x04\0\0\x18\x88\x01\0\
\xe0\x09\0\0\xcb\x01\0\0\x92\x04\0\0\x18\x84\x01\0\xf8\x09\0\0\xcb\x01\0\0\x57\
\x04\0\0\x0e\x80\x01\0\0\x0a\0\0\xcb\x01\0\0\x76\x04\0\0\x18\x88\x01\0\x08\x0a\
\0\0\xcb\x01\0\0\x92\x04\0\0\x18\x84\x01\0\x20\x0a\0\0\xcb\x01\0\0\x57\x04\0\0\
\x0e\x80\x01\0\x28\x0a\0\0\xcb\x01\0\0\x76\x04\0\0\x18\x88\x01\0\x30\x0a\0\0\
\xcb\x01\0\0\x92\x04\0\0\x18\x84\x01\0\x48\x0a\0\0\xcb\x01\0\0\x57\x04\0\0\x0e\
\x80\x01\0\x50\x0a\0\0\xcb\x01\0\0\x76\x04\0\0\x18\x88\x01\0\x58\x0a\0\0\xcb\
\x01\0\0\x92\x04\0\0\x18\x84\x01\0\x70\x0a\0\0\xcb\x01\0\0\x57\x04\0\0\x0e\x80\
\x01\0\x78\x0a\0\0\xcb\x01\0\0\x76\x04\0\0\x18\x88\x01\0\x80\x0a\0\0\xcb\x01\0\
\0\x92\x04\0\0\x18\x84\x01\0\x98\x0a\0\0\xcb\x01\0\0\x57\x04\0\0\x0e\x80\x01\0\
\xa0\x0a\0\0\xcb\x01\0\0\x76\x04\0\0\x18\x88\x01\0\xa8\x0a\0\0\xcb\x01\0\0\x92\
\x04\0\0\x18\x84\x01\0\xc0\x0a\0\0\xcb\x01\0\0\x57\x04\0\0\x0e\x80\x01\0\xc8\
\x0a\0\0\xcb\x01\0\0\x76\x04\0\0\x18\x88\x01\0\xd0\x0a\0\0\xcb\x01\0\0\x92\x04\
\0\0\x18\x84\x01\0\xe8\x0a\0\0\xcb\x01\0\0\x57\x04\0\0\x0e\x80\x01\0\xf0\x0a\0\
\0\xcb\x01\0\0\x76\x04\0\0\x18\x88\x01\0\xf8\x0a\0\0\xcb\x01\0\0\x92\x04\0\0\
\x18\x84\x01\0\x10\x0b\0\0\xcb\x01\0\0\x57\x04\0\0\x0e\x80\x01\0\x18\x0b\0\0\
\xcb\x01\0\0\x76\x04\0\0\x18\x88\x01\0\x20\x0b\0\0\xcb\x01\0\0\x92\x04\0\0\x18\
\x84\x01\0\x38\x0b\0\0\xcb\x01\0\0\x57\x04\0\0\x0e\x80\x01\0\x40\x0b\0\0\xcb\
\x01\0\0\x76\x04\0\0\x18\x88\x01\0\x48\x0b\0\0\xcb\x01\0\0\x92\x04\0\0\x18\x84\
\x01\0\x68\x0b\0\0\xcb\x01\0\0\xae\x04\0\0\x04\xa0\x01\0\x88\x0b\0\0\xcb\x01\0\
\0\xae\x04\0\0\x17\xa0\x01\0\x98\x0b\0\0\xcb\x01\0\0\xae\x04\0\0\x04\xa0\x01\0\
\xa0\x0b\0\0\xcb\x01\0\0\xcb\x04\0\0\x04\xb4\x01\0\xb0\x0b\0\0\xcb\x01\0\0\xcb\
\x04\0\0\x17\xb4\x01\0\xb8\x0b\0\0\xcb\x01\0\0\xe8\x04\0\0\x16\xa4\x01\0\xc8\
\x0b\0\0\xcb\x01\0\0\xe8\x04\0\0\x04\xa4\x01\0\xe0\x0b\0\0\xcb\x01\0\0\xe8\x04\
\0\0\x1b\xa4\x01\0\xe8\x0b\0\0\xcb\x01\0\0\x09\x05\0\0\x04\xb8\x01\0\0\x0c\0\0\
\xcb\x01\0\0\x09\x05\0\0\x1b\xb8\x01\0\x08\x0c\0\0\xcb\x01\0\0\x2a\x05\0\0\x16\
\xa8\x01\0\x10\x0c\0\0\xcb\x01\0\0\x2a\x05\0\0\x04\xa8\x01\0\x20\x0c\0\0\xcb\
\x01\0\0\x2a\x05\0\0\x1b\xa8\x01\0\x28\x0c\0\0\xcb\x01\0\0\x4c\x05\0\0\x04\xbc\
\x01\0\x30\x0c\0\0\xcb\x01\0\0\x4c\x05\0\0\x1b\xbc\x01\0\x38\x0c\0\0\xcb\x01\0\
\0\x6e\x05\0\0\x19\xc8\x01\0\x50\x0c\0\0\xcb\x01\0\0\x9b\x05\0\0\x08\xd0\x01\0\
\x58\x0c\0\0\xcb\x01\0\0\xb9\x05\0\0\x05\xd4\x01\0\x80\x0c\0\0\xcb\x01\0\0\xee\
\x05\0\0\x19\xe0\x01\0\xa0\x0c\0\0\xcb\x01\0\0\x1b\x06\0\0\x08\xe8\x01\0\xa8\
\x0c\0\0\xcb\x01\0\0\x39\x06\0\0\x05\xec\x01\0\xc8\x0c\0\0\xcb\x01\0\0\x6e\x06\
\0\0\x17\xfc\x01\0\xd0\x0c\0\0\xcb\x01\0\0\xab\x06\0\0\x08\0\x02\0\xe0\x0c\0\0\
\xcb\x01\0\0\xc5\x06\0\0\x1a\x08\x02\0\x08\x0d\0\0\xcb\x01\0\0\xf3\x06\0\0\x09\
\x10\x02\0\x18\x0d\0\0\xcb\x01\0\0\x19\x07\0\0\x0c\x14\x02\0\x20\x0d\0\0\xcb\
\x01\0\0\x19\x07\0\0\x0a\x14\x02\0\x28\x0d\0\0\xcb\x01\0\0\x54\x07\0\0\x18\x1c\
\x02\0\x30\x0d\0\0\xcb\x01\0\0\x54\x07\0\0\x16\x1c\x02\0\x38\x0d\0\0\xcb\x01\0\
\0\x7f\x07\0\0\x12\x20\x02\0\x48\x0d\0\0\xcb\x01\0\0\x19\x07\0\0\x0c\x14\x02\0\
\x60\x0d\0\0\xcb\x01\0\0\x9d\x07\0\0\x06\x28\x02\0\x78\x0d\0\0\xcb\x01\0\0\xca\
\x07\0\0\x06\x38\x02\0\xa8\x0d\0\0\xcb\x01\0\0\xdb\x07\0\0\x1a\x50\x02\0\xd0\
\x0d\0\0\xcb\x01\0\0\x09\x08\0\0\x09\x58\x02\0\xe0\x0d\0\0\xcb\x01\0\0\x2f\x08\
\0\0\x0c\x5c\x02\0\xe8\x0d\0\0\xcb\x01\0\0\x2f\x08\0\0\x0a\x5c\x02\0\xf0\x0d\0\
\0\xcb\x01\0\0\x54\x07\0\0\x18\x64\x02\0\xf8\x0d\0\0\xcb\x01\0\0\x54\x07\0\0\
\x16\x64\x02\0\0\x0e\0\0\xcb\x01\0\0\x7f\x07\0\0\x12\x68\x02\0\x10\x0e\0\0\xcb\
\x01\0\0\x2f\x08\0\0\x0c\x5c\x02\0\x28\x0e\0\0\xcb\x01\0\0\x6a\x08\0\0\x06\x70\
\x02\0\x40\x0e\0\0\xcb\x01\0\0\xca\x07\0\0\x06\x80\x02\0\x60\x0e\0\0\xcb\x01\0\
\0\0\0\0\0\0\0\0\0\x78\x0e\0\0\xcb\x01\0\0\0\0\0\0\0\0\0\0\x80\x0e\0\0\xcb\x01\
\0\0\x97\x08\0\0\x09\xa4\x02\0\xa0\x0e\0\0\xcb\x01\0\0\x7e\x03\0\0\x06\xac\x02\
\0\xa8\x0e\0\0\xcb\x01\0\0\x93\x03\0\0\x28\xb4\x02\0\xb8\x0e\0\0\xcb\x01\0\0\
\x93\x03\0\0\x08\xb4\x02\0\xe0\x0e\0\0\xcb\x01\0\0\xc4\x03\0\0\x07\xbc\x02\0\
\xf0\x0e\0\0\xcb\x01\0\0\xcf\x08\0\0\x10\xc0\x02\0\0\x0f\0\0\xcb\x01\0\0\x57\
\x04\0\0\x0e\xd0\x02\0\x08\x0f\0\0\xcb\x01\0\0\x76\x04\0\0\x18\xd8\x02\0\x10\
\x0f\0\0\xcb\x01\0\0\x92\x04\0\0\x18\xd4\x02\0\x30\x0f\0\0\xcb\x01\0\0\x57\x04\
\0\0\x0e\xd0\x02\0\x38\x0f\0\0\xcb\x01\0\0\x76\x04\0\0\x18\xd8\x02\0\x40\x0f\0\
\0\xcb\x01\0\0\x92\x04\0\0\x18\xd4\x02\0\x58\x0f\0\0\xcb\x01\0\0\x57\x04\0\0\
\x0e\xd0\x02\0\x60\x0f\0\0\xcb\x01\0\0\x76\x04\0\0\x18\xd8\x02\0\x68\x0f\0\0\
\xcb\x01\0\0\x92\x04\0\0\x18\xd4\x02\0\x80\x0f\0\0\xcb\x01\0\0\x57\x04\0\0\x0e\
\xd0\x02\0\x88\x0f\0\0\xcb\x01\0\0\x76\x04\0\0\x18\xd8\x02\0\x90\x0f\0\0\xcb\
\x01\0\0\x92\x04\0\0\x18\xd4\x02\0\xa8\x0f\0\0\xcb\x01\0\0\x57\x04\0\0\x0e\xd0\
\x02\0\xb0\x0f\0\0\xcb\x01\0\0\x76\x04\0\0\x18\xd8\x02\0\xb8\x0f\0\0\xcb\x01\0\
\0\x92\x04\0\0\x18\xd4\x02\0\xd0\x0f\0\0\xcb\x01\0\0\x57\x04\0\0\x0e\xd0\x02\0\
\xd8\x0f\0\0\xcb\x01\0\0\x76\x04\0\0\x18\xd8\x02\0\xe0\x0f\0\0\xcb\x01\0\0\x92\
\x04\0\0\x18\xd4\x02\0\xf8\x0f\0\0\xcb\x01\0\0\x57\x04\0\0\x0e\xd0\x02\0\0\x10\
\0\0\xcb\x01\0\0\x76\x04\0\0\x18\xd8\x02\0\x08\x10\0\0\xcb\x01\0\0\x92\x04\0\0\
\x18\xd4\x02\0\x20\x10\0\0\xcb\x01\0\0\x57\x04\0\0\x0e\xd0\x02\0\x28\x10\0\0\
\xcb\x01\0\0\x76\x04\0\0\x18\xd8\x02\0\x30\x10\0\0\xcb\x01\0\0\x92\x04\0\0\x18\
\xd4\x02\0\x48\x10\0\0\xcb\x01\0\0\x57\x04\0\0\x0e\xd0\x02\0\x50\x10\0\0\xcb\
\x01\0\0\x76\x04\0\0\x18\xd8\x02\0\x58\x10\0\0\xcb\x01\0\0\x92\x04\0\0\x18\xd4\
\x02\0\x70\x10\0\0\xcb\x01\0\0\x57\x04\0\0\x0e\xd0\x02\0\x78\x10\0\0\xcb\x01\0\
\0\x76\x04\0\0\x18\xd8\x02\0\x80\x10\0\0\xcb\x01\0\0\x92\x04\0\0\x18\xd4\x02\0\
\x98\x10\0\0\xcb\x01\0\0\x57\x04\0\0\x0e\xd0\x02\0\xa0\x10\0\0\xcb\x01\0\0\x76\
\x04\0\0\x18\xd8\x02\0\xa8\x10\0\0\xcb\x01\0\0\x92\x04\0\0\x18\xd4\x02\0\xc0\
\x10\0\0\xcb\x01\0\0\x57\x04\0\0\x0e\xd0\x02\0\xc8\x10\0\0\xcb\x01\0\0\x76\x04\
\0\0\x18\xd8\x02\0\xd0\x10\0\0\xcb\x01\0\0\x92\x04\0\0\x18\xd4\x02\0\xe8\x10\0\
\0\xcb\x01\0\0\x57\x04\0\0\x0e\xd0\x02\0\xf0\x10\0\0\xcb\x01\0\0\x76\x04\0\0\
\x18\xd8\x02\0\xf8\x10\0\0\xcb\x01\0\0\x92\x04\0\0\x18\xd4\x02\0\x10\x11\0\0\
\xcb\x01\0\0\x57\x04\0\0\x0e\xd0\x02\0\x18\x11\0\0\xcb\x01\0\0\x76\x04\0\0\x18\
\xd8\x02\0\x20\x11\0\0\xcb\x01\0\0\x92\x04\0\0\x18\xd4\x02\0\x38\x11\0\0\xcb\
\x01\0\0\x57\x04\0\0\x0e\xd0\x02\0\x40\x11\0\0\xcb\x01\0\0\x76\x04\0\0\x18\xd8\
\x02\0\x48\x11\0\0\xcb\x01\0\0\x92\x04\0\0\x18\xd4\x02\0\x60\x11\0\0\xcb\x01\0\
\0\x57\x04\0\0\x0e\xd0\x02\0\x68\x11\0\0\xcb\x01\0\0\x76\x04\0\0\x18\xd8\x02\0\
\x70\x11\0\0\xcb\x01\0\0\x92\x04\0\0\x18\xd4\x02\0\x88\x11\0\0\xcb\x01\0\0\x57\
\x04\0\0\x0e\xd0\x02\0\x90\x11\0\0\xcb\x01\0\0\x76\x04\0\0\x18\xd8\x02\0\x98\
\x11\0\0\xcb\x01\0\0\x92\x04\0\0\x18\xd4\x02\0\xb0\x11\0\0\xcb\x01\0\0\x57\x04\
\0\0\x0e\xd0\x02\0\xb8\x11\0\0\xcb\x01\0\0\x76\x04\0\0\x18\xd8\x02\0\xc0\x11\0\
\0\xcb\x01\0\0\x92\x04\0\0\x18\xd4\x02\0\xd8\x11\0\0\xcb\x01\0\0\x57\x04\0\0\
\x0e\xd0\x02\0\xe0\x11\0\0\xcb\x01\0\0\x76\x04\0\0\x18\xd8\x02\0\xe8\x11\0\0\
\xcb\x01\0\0\x92\x04\0\0\x18\xd4\x02\0\0\x12\0\0\xcb\x01\0\0\x57\x04\0\0\x0e\
\xd0\x02\0\x08\x12\0\0\xcb\x01\0\0\x76\x04\0\0\x18\xd8\x02\0\x10\x12\0\0\xcb\
\x01\0\0\x92\x04\0\0\x18\xd4\x02\0\x28\x12\0\0\xcb\x01\0\0\x57\x04\0\0\x0e\xd0\
\x02\0\x30\x12\0\0\xcb\x01\0\0\x76\x04\0\0\x18\xd8\x02\0\x38\x12\0\0\xcb\x01\0\
\0\x92\x04\0\0\x18\xd4\x02\0\x50\x12\0\0\xcb\x01\0\0\x57\x04\0\0\x0e\xd0\x02\0\
\x58\x12\0\0\xcb\x01\0\0\x76\x04\0\0\x18\xd8\x02\0\x60\x12\0\0\xcb\x01\0\0\x92\
\x04\0\0\x18\xd4\x02\0\x78\x12\0\0\xcb\x01\0\0\x57\x04\0\0\x0e\xd0\x02\0\x80\
\x12\0\0\xcb\x01\0\0\x76\x04\0\0\x18\xd8\x02\0\x88\x12\0\0\xcb\x01\0\0\x92\x04\
\0\0\x18\xd4\x02\0\xa0\x12\0\0\xcb\x01\0\0\x57\x04\0\0\x0e\xd0\x02\0\xa8\x12\0\
\0\xcb\x01\0\0\x76\x04\0\0\x18\xd8\x02\0\xb0\x12\0\0\xcb\x01\0\0\x92\x04\0\0\
\x18\xd4\x02\0\xc8\x12\0\0\xcb\x01\0\0\x57\x04\0\0\x0e\xd0\x02\0\xd0\x12\0\0\
\xcb\x01\0\0\x76\x04\0\0\x18\xd8\x02\0\xd8\x12\0\0\xcb\x01\0\0\x92\x04\0\0\x18\
\xd4\x02\0\xf0\x12\0\0\xcb\x01\0\0\x57\x04\0\0\x0e\xd0\x02\0\xf8\x12\0\0\xcb\
\x01\0\0\x76\x04\0\0\x18\xd8\x02\0\0\x13\0\0\xcb\x01\0\0\x92\x04\0\0\x18\xd4\
\x02\0\x18\x13\0\0\xcb\x01\0\0\x57\x04\0\0\x0e\xd0\x02\0\x20\x13\0\0\xcb\x01\0\
\0\x76\x04\0\0\x18\xd8\x02\0\x28\x13\0\0\xcb\x01\0\0\x92\x04\0\0\x18\xd4\x02\0\
\x40\x13\0\0\xcb\x01\0\0\x57\x04\0\0\x0e\xd0\x02\0\x48\x13\0\0\xcb\x01\0\0\x76\
\x04\0\0\x18\xd8\x02\0\x50\x13\0\0\xcb\x01\0\0\x92\x04\0\0\x18\xd4\x02\0\x68\
\x13\0\0\xcb\x01\0\0\x57\x04\0\0\x0e\xd0\x02\0\x70\x13\0\0\xcb\x01\0\0\x76\x04\
\0\0\x18\xd8\x02\0\x78\x13\0\0\xcb\x01\0\0\x92\x04\0\0\x18\xd4\x02\0\x90\x13\0\
\0\xcb\x01\0\0\x57\x04\0\0\x0e\xd0\x02\0\x98\x13\0\0\xcb\x01\0\0\x76\x04\0\0\
\x18\xd8\x02\0\xa0\x13\0\0\xcb\x01\0\0\x92\x04\0\0\x18\xd4\x02\0\xb8\x13\0\0\
\xcb\x01\0\0\x57\x04\0\0\x0e\xd0\x02\0\xc0\x13\0\0\xcb\x01\0\0\x76\x04\0\0\x18\
\xd8\x02\0\xc8\x13\0\0\xcb\x01\0\0\x92\x04\0\0\x18\xd4\x02\0\xe0\x13\0\0\xcb\
\x01\0\0\x57\x04\0\0\x0e\xd0\x02\0\xe8\x13\0\0\xcb\x01\0\0\x76\x04\0\0\x18\xd8\
\x02\0\xf0\x13\0\0\xcb\x01\0\0\x92\x04\0\0\x18\xd4\x02\0\x08\x14\0\0\xcb\x01\0\
\0\x57\x04\0\0\x0e\xd0\x02\0\x10\x14\0\0\xcb\x01\0\0\x76\x04\0\0\x18\xd8\x02\0\
\x18\x14\0\0\xcb\x01\0\0\x92\x04\0\0\x18\xd4\x02\0\x30\x14\0\0\xcb\x01\0\0\x57\
\x04\0\0\x0e\xd0\x02\0\x38\x14\0\0\xcb\x01\0\0\x76\x04\0\0\x18\xd8\x02\0\x40\
\x14\0\0\xcb\x01\0\0\x92\x04\0\0\x18\xd4\x02\0\x58\x14\0\0\xcb\x01\0\0\x57\x04\
\0\0\x0e\xd0\x02\0\x60\x14\0\0\xcb\x01\0\0\x76\x04\0\0\x18\xd8\x02\0\x68\x14\0\
\0\xcb\x01\0\0\x92\x04\0\0\x18\xd4\x02\0\x80\x14\0\0\xcb\x01\0\0\x57\x04\0\0\
\x0e\xd0\x02\0\x88\x14\0\0\xcb\x01\0\0\x76\x04\0\0\x18\xd8\x02\0\x90\x14\0\0\
\xcb\x01\0\0\x92\x04\0\0\x18\xd4\x02\0\xa8\x14\0\0\xcb\x01\0\0\x57\x04\0\0\x0e\
\xd0\x02\0\xb0\x14\0\0\xcb\x01\0\0\x76\x04\0\0\x18\xd8\x02\0\xb8\x14\0\0\xcb\
\x01\0\0\x92\x04\0\0\x18\xd4\x02\0\xd0\x14\0\0\xcb\x01\0\0\x57\x04\0\0\x0e\xd0\
\x02\0\xd8\x14\0\0\xcb\x01\0\0\x76\x04\0\0\x18\xd8\x02\0\xe0\x14\0\0\xcb\x01\0\
\0\x92\x04\0\0\x18\xd4\x02\0\xf8\x14\0\0\xcb\x01\0\0\x57\x04\0\0\x0e\xd0\x02\0\
\0\x15\0\0\xcb\x01\0\0\x76\x04\0\0\x18\xd8\x02\0\x08\x15\0\0\xcb\x01\0\0\x92\
\x04\0\0\x18\xd4\x02\0\x20\x15\0\0\xcb\x01\0\0\x57\x04\0\0\x0e\xd0\x02\0\x28\
\x15\0\0\xcb\x01\0\0\x76\x04\0\0\x18\xd8\x02\0\x30\x15\0\0\xcb\x01\0\0\x92\x04\
\0\0\x18\xd4\x02\0\x48\x15\0\0\xcb\x01\0\0\x57\x04\0\0\x0e\xd0\x02\0\x50\x15\0\
\0\xcb\x01\0\0\x76\x04\0\0\x18\xd8\x02\0\x58\x15\0\0\xcb\x01\0\0\x92\x04\0\0\
\x18\xd4\x02\0\x70\x15\0\0\xcb\x01\0\0\x57\x04\0\0\x0e\xd0\x02\0\x78\x15\0\0\
\xcb\x01\0\0\x76\x04\0\0\x18\xd8\x02\0\x80\x15\0\0\xcb\x01\0\0\x92\x04\0\0\x18\
\xd4\x02\0\x98\x15\0\0\xcb\x01\0\0\x57\x04\0\0\x0e\xd0\x02\0\xa0\x15\0\0\xcb\
\x01\0\0\x76\x04\0\0\x18\xd8\x02\0\xa8\x15\0\0\xcb\x01\0\0\x92\x04\0\0\x18\xd4\
\x02\0\xc0\x15\0\0\xcb\x01\0\0\x57\x04\0\0\x0e\xd0\x02\0\xc8\x15\0\0\xcb\x01\0\
\0\x76\x04\0\0\x18\xd8\x02\0\xd0\x15\0\0\xcb\x01\0\0\x92\x04\0\0\x18\xd4\x02\0\
\xe8\x15\0\0\xcb\x01\0\0\x57\x04\0\0\x0e\xd0\x02\0\xf0\x15\0\0\xcb\x01\0\0\x76\
\x04\0\0\x18\xd8\x02\0\xf8\x15\0\0\xcb\x01\0\0\x92\x04\0\0\x18\xd4\x02\0\x10\
\x16\0\0\xcb\x01\0\0\x57\x04\0\0\x0e\xd0\x02\0\x18\x16\0\0\xcb\x01\0\0\x76\x04\
\0\0\x18\xd8\x02\0\x20\x16\0\0\xcb\x01\0\0\x92\x04\0\0\x18\xd4\x02\0\x38\x16\0\
\0\xcb\x01\0\0\x57\x04\0\0\x0e\xd0\x02\0\x40\x16\0\0\xcb\x01\0\0\x76\x04\0\0\
\x18\xd8\x02\0\x48\x16\0\0\xcb\x01\0\0\x92\x04\0\0\x18\xd4\x02\0\x60\x16\0\0\
\xcb\x01\0\0\x57\x04\0\0\x0e\xd0\x02\0\x68\x16\0\0\xcb\x01\0\0\x76\x04\0\0\x18\
\xd8\x02\0\x70\x16\0\0\xcb\x01\0\0\x92\x04\0\0\x18\xd4\x02\0\x88\x16\0\0\xcb\
\x01\0\0\x57\x04\0\0\x0e\xd0\x02\0\x90\x16\0\0\xcb\x01\0\0\x76\x04\0\0\x18\xd8\
\x02\0\x98\x16\0\0\xcb\x01\0\0\x92\x04\0\0\x18\xd4\x02\0\xb0\x16\0\0\xcb\x01\0\
\0\x57\x04\0\0\x0e\xd0\x02\0\xb8\x16\0\0\xcb\x01\0\0\x76\x04\0\0\x18\xd8\x02\0\
\xc0\x16\0\0\xcb\x01\0\0\x92\x04\0\0\x18\xd4\x02\0\xd8\x16\0\0\xcb\x01\0\0\x57\
\x04\0\0\x0e\xd0\x02\0\xe0\x16\0\0\xcb\x01\0\0\x76\x04\0\0\x18\xd8\x02\0\xe8\
\x16\0\0\xcb\x01\0\0\x92\x04\0\0\x18\xd4\x02\0\0\x17\0\0\xcb\x01\0\0\x57\x04\0\
\0\x0e\xd0\x02\0\x08\x17\0\0\xcb\x01\0\0\x76\x04\0\0\x18\xd8\x02\0\x10\x17\0\0\
\xcb\x01\0\0\x92\x04\0\0\x18\xd4\x02\0\x28\x17\0\0\xcb\x01\0\0\x57\x04\0\0\x0e\
\xd0\x02\0\x30\x17\0\0\xcb\x01\0\0\x76\x04\0\0\x18\xd8\x02\0\x38\x17\0\0\xcb\
\x01\0\0\x92\x04\0\0\x18\xd4\x02\0\x50\x17\0\0\xcb\x01\0\0\x57\x04\0\0\x0e\xd0\
\x02\0\x58\x17\0\0\xcb\x01\0\0\x76\x04\0\0\x18\xd8\x02\0\x60\x17\0\0\xcb\x01\0\
\0\x92\x04\0\0\x18\xd4\x02\0\x78\x17\0\0\xcb\x01\0\0\x57\x04\0\0\x0e\xd0\x02\0\
\x80\x17\0\0\xcb\x01\0\0\x76\x04\0\0\x18\xd8\x02\0\x88\x17\0\0\xcb\x01\0\0\x92\
\x04\0\0\x18\xd4\x02\0\xa0\x17\0\0\xcb\x01\0\0\x57\x04\0\0\x0e\xd0\x02\0\xa8\
\x17\0\0\xcb\x01\0\0\x76\x04\0\0\x18\xd8\x02\0\xb0\x17\0\0\xcb\x01\0\0\x92\x04\
\0\0\x18\xd4\x02\0\xc8\x17\0\0\xcb\x01\0\0\x57\x04\0\0\x0e\xd0\x02\0\xd0\x17\0\
\0\xcb\x01\0\0\x76\x04\0\0\x18\xd8\x02\0\xd8\x17\0\0\xcb\x01\0\0\x92\x04\0\0\
\x18\xd4\x02\0\xf0\x17\0\0\xcb\x01\0\0\x57\x04\0\0\x0e\xd0\x02\0\xf8\x17\0\0\
\xcb\x01\0\0\x76\x04\0\0\x18\xd8\x02\0\0\x18\0\0\xcb\x01\0\0\x92\x04\0\0\x18\
\xd4\x02\0\x18\x18\0\0\xcb\x01\0\0\x57\x04\0\0\x0e\xd0\x02\0\x20\x18\0\0\xcb\
\x01\0\0\x76\x04\0\0\x18\xd8\x02\0\x28\x18\0\0\xcb\x01\0\0\x92\x04\0\0\x18\xd4\
\x02\0\x40\x18\0\0\xcb\x01\0\0\x57\x04\0\0\x0e\xd0\x02\0\x48\x18\0\0\xcb\x01\0\
\0\x76\x04\0\0\x18\xd8\x02\0\x50\x18\0\0\xcb\x01\0\0\x92\x04\0\0\x18\xd4\x02\0\
\x68\x18\0\0\xcb\x01\0\0\x57\x04\0\0\x0e\xd0\x02\0\x70\x18\0\0\xcb\x01\0\0\x76\
\x04\0\0\x18\xd8\x02\0\x78\x18\0\0\xcb\x01\0\0\x92\x04\0\0\x18\xd4\x02\0\x98\
\x18\0\0\xcb\x01\0\0\0\0\0\0\0\0\0\0\xa0\x18\0\0\xcb\x01\0\0\xae\x04\0\0\x04\
\xf0\x02\0\xb8\x18\0\0\xcb\x01\0\0\xae\x04\0\0\x17\xf0\x02\0\xc8\x18\0\0\xcb\
\x01\0\0\0\0\0\0\0\0\0\0\xd0\x18\0\0\xcb\x01\0\0\xcb\x04\0\0\x04\x04\x03\0\xe0\
\x18\0\0\xcb\x01\0\0\xcb\x04\0\0\x17\x04\x03\0\xe8\x18\0\0\xcb\x01\0\0\xe8\x04\
\0\0\x16\xf4\x02\0\xf8\x18\0\0\xcb\x01\0\0\xe8\x04\0\0\x04\xf4\x02\0\x10\x19\0\
\0\xcb\x01\0\0\xe8\x04\0\0\x1b\xf4\x02\0\x18\x19\0\0\xcb\x01\0\0\x09\x05\0\0\
\x04\x08\x03\0\x30\x19\0\0\xcb\x01\0\0\x09\x05\0\0\x1b\x08\x03\0\x38\x19\0\0\
\xcb\x01\0\0\x2a\x05\0\0\x16\xf8\x02\0\x40\x19\0\0\xcb\x01\0\0\x2a\x05\0\0\x04\
\xf8\x02\0\x50\x19\0\0\xcb\x01\0\0\x2a\x05\0\0\x1b\xf8\x02\0\x58\x19\0\0\xcb\
\x01\0\0\x4c\x05\0\0\x04\x0c\x03\0\x60\x19\0\0\xcb\x01\0\0\x4c\x05\0\0\x1b\x0c\
\x03\0\x68\x19\0\0\xcb\x01\0\0\x6e\x05\0\0\x19\x18\x03\0\x80\x19\0\0\xcb\x01\0\
\0\x9b\x05\0\0\x08\x20\x03\0\x88\x19\0\0\xcb\x01\0\0\xb9\x05\0\0\x05\x24\x03\0\
\xb0\x19\0\0\xcb\x01\0\0\0\0\0\0\0\0\0\0\xb8\x19\0\0\xcb\x01\0\0\xee\x05\0\0\
\x19\x30\x03\0\xd0\x19\0\0\xcb\x01\0\0\x1b\x06\0\0\x08\x38\x03\0\xd8\x19\0\0\
\xcb\x01\0\0\x39\x06\0\0\x05\x3c\x03\0\xf8\x19\0\0\xcb\x01\0\0\0\0\0\0\0\0\0\0\
\0\x1a\0\0\xcb\x01\0\0\x6e\x06\0\0\x17\x4c\x03\0\x08\x1a\0\0\xcb\x01\0\0\xab\
\x06\0\0\x08\x50\x03\0\x18\x1a\0\0\xcb\x01\0\0\xc5\x06\0\0\x1a\x58\x03\0\x40\
\x1a\0\0\xcb\x01\0\0\xf3\x06\0\0\x09\x60\x03\0\x50\x1a\0\0\xcb\x01\0\0\x19\x07\
\0\0\x0c\x64\x03\0\x58\x1a\0\0\xcb\x01\0\0\x19\x07\0\0\x0a\x64\x03\0\x60\x1a\0\
\0\xcb\x01\0\0\x54\x07\0\0\x18\x6c\x03\0\x68\x1a\0\0\xcb\x01\0\0\x54\x07\0\0\
\x16\x6c\x03\0\x70\x1a\0\0\xcb\x01\0\0\x7f\x07\0\0\x12\x70\x03\0\x80\x1a\0\0\
\xcb\x01\0\0\x19\x07\0\0\x0c\x64\x03\0\x98\x1a\0\0\xcb\x01\0\0\x9d\x07\0\0\x06\
\x78\x03\0\xb0\x1a\0\0\xcb\x01\0\0\xca\x07\0\0\x06\x88\x03\0\xe0\x1a\0\0\xcb\
\x01\0\0\xdb\x07\0\0\x1a\xa0\x03\0\x08\x1b\0\0\xcb\x01\0\0\x09\x08\0\0\x09\xa8\
\x03\0\x18\x1b\0\0\xcb\x01\0\0\x2f\x08\0\0\x0c\xac\x03\0\x20\x1b\0\0\xcb\x01\0\
\0\x2f\x08\0\0\x0a\xac\x03\0\x28\x1b\0\0\xcb\x01\0\0\x54\x07\0\0\x18\xb4\x03\0\
\x30\x1b\0\0\xcb\x01\0\0\x54\x07\0\0\x16\xb4\x03\0\x38\x1b\0\0\xcb\x01\0\0\x7f\
\x07\0\0\x12\xb8\x03\0\x48\x1b\0\0\xcb\x01\0\0\x2f\x08\0\0\x0c\xac\x03\0\x60\
\x1b\0\0\xcb\x01\0\0\x6a\x08\0\0\x06\xc0\x03\0\x78\x1b\0\0\xcb\x01\0\0\xca\x07\
\0\0\x06\xd0\x03\0\x98\x1b\0\0\xcb\x01\0\0\0\0\0\0\0\0\0\0\xa8\x1b\0\0\xcb\x01\
\0\0\x0f\x09\0\0\x02\xf0\x03\0\x10\0\0\0\xb5\x01\0\0\x02\0\0\0\xa8\0\0\0\x1f\0\
\0\0\xf8\x02\0\0\0\0\0\0\xb8\0\0\0\x1f\0\0\0\x1f\x03\0\0\0\0\0\0\x0c\0\0\0\xff\
\xff\xff\xff\x04\0\x08\0\x08\x7c\x0b\0\x14\0\0\0\0\0\0\0\0\0\0\0\0\0\0\0\xb8\
\x1b\0\0\0\0\0\0\x95\x0a\0\0\x05\0\x08\0\x93\0\0\0\x08\x01\x01\xfb\x0e\x0d\0\
\x01\x01\x01\x01\0\0\0\x01\0\0\x01\x01\x01\x1f\x03\0\0\0\0\x40\0\0\0\x48\0\0\0\
\x03\x01\x1f\x02\x0f\x05\x1e\x05\x59\0\0\0\0\x07\xc8\xb9\xda\xd9\xe2\xbc\x84\
\x07\x45\x49\x58\x87\x95\x5e\x6b\x7c\0\0\0\x01\xd6\x85\xe6\x46\x7c\x69\x9c\x24\
\x48\xda\x33\x8e\xce\xb6\x8b\xd3\x86\0\0\0\x02\xd5\x32\xd8\x52\xeb\x95\xed\x22\
\x03\x47\xb3\x5c\xba\xcc\x7e\x1b\x98\0\0\0\x01\x2c\x0f\x74\xaf\x0e\x6e\xe8\xbf\
\x2a\xc3\x99\x60\x75\xa7\x5d\x9d\xaa\0\0\0\x01\x8f\x3f\x8a\xb9\xe3\x15\x26\xd6\
\x84\x64\xf4\x05\x26\x9e\0\xec\x04\0\0\x09\x02\0\0\0\0\0\0\0\0\x03\x3c\x01\x05\
\x07\x0a\x34\x83\x05\x17\x85\x05\x07\x32\x05\x1a\x22\x05\x13\x06\x20\x05\x1a\
\x06\x21\x05\x13\x06\x20\x03\xb2\x7f\x20\x05\x09\x06\x03\xd0\0\x2e\x05\x06\x4c\
\x05\x28\x22\x05\x08\x06\x2e\x05\x07\x06\x5a\x05\0\x06\x03\xaa\x7f\x20\x05\x02\
\x06\x03\x29\x20\x06\x03\x57\x20\x03\x29\x4a\x05\0\x03\x57\x20\x05\x02\x03\x29\
\x2e\x05\x11\x06\x25\x05\x07\x21\x06\x03\x51\x4a\x05\x0e\x06\x03\xe0\0\x3c\x05\
\x18\x22\x1f\x06\x03\x9f\x7f\x3c\x05\x0e\x06\x03\xe0\0\x20\x05\x18\x22\x1f\x06\
\x03\x9f\x7f\x2e\x05\x0e\x06\x03\xe0\0\x20\x05\x18\x22\x1f\x06\x03\x9f\x7f\x2e\
\x05\x0e\x06\x03\xe0\0\x20\x05\x18\x22\x1f\x06\x03\x9f\x7f\x2e\x05\x0e\x06\x03\
\xe0\0\x20\x05\x18\x22\x1f\x06\x03\x9f\x7f\x2e\x05\x0e\x06\x03\xe0\0\x20\x05\
\x18\x22\x1f\x06\x03\x9f\x7f\x2e\x05\x0e\x06\x03\xe0\0\x20\x05\x18\x22\x1f\x06\
\x03\x9f\x7f\x2e\x05\x0e\x06\x03\xe0\0\x20\x05\x18\x22\x1f\x06\x03\x9f\x7f\x2e\
\x05\x0e\x06\x03\xe0\0\x20\x05\x18\x22\x1f\x06\x03\x9f\x7f\x2e\x05\x0e\x06\x03\
\xe0\0\x20\x05\x18\x22\x1f\x06\x03\x9f\x7f\x2e\x05\x0e\x06\x03\xe0\0\x20\x05\
\x18\x22\x1f\x06\x03\x9f\x7f\x2e\x05\x0e\x06\x03\xe0\0\x20\x05\x18\x22\x1f\x06\
\x03\x9f\x7f\x2e\x05\x0e\x06\x03\xe0\0\x20\x05\x18\x22\x1f\x06\x03\x9f\x7f\x2e\
\x05\x0e\x06\x03\xe0\0\x20\x05\x18\x22\x1f\x06\x03\x9f\x7f\x2e\x05\x0e\x06\x03\
\xe0\0\x20\x05\x18\x22\x1f\x06\x03\x9f\x7f\x2e\x05\x0e\x06\x03\xe0\0\x20\x05\
\x18\x22\x1f\x06\x03\x9f\x7f\x2e\x05\x0e\x06\x03\xe0\0\x20\x05\x18\x22\x1f\x06\
\x03\x9f\x7f\x2e\x05\x0e\x06\x03\xe0\0\x20\x05\x18\x22\x1f\x06\x03\x9f\x7f\x2e\
\x05\x0e\x06\x03\xe0\0\x20\x05\x18\x22\x1f\x06\x03\x9f\x7f\x2e\x05\x0e\x06\x03\
\xe0\0\x20\x05\x18\x22\x1f\x06\x03\x9f\x7f\x2e\x05\x0e\x06\x03\xe0\0\x20\x05\
\x18\x22\x1f\x06\x03\x9f\x7f\x2e\x05\x0e\x06\x03\xe0\0\x20\x05\x18\x22\x1f\x06\
\x03\x9f\x7f\x2e\x05\x0e\x06\x03\xe0\0\x20\x05\x18\x22\x1f\x06\x03\x9f\x7f\x2e\
\x05\x0e\x06\x03\xe0\0\x20\x05\x18\x22\x1f\x06\x03\x9f\x7f\x2e\x05\x0e\x06\x03\
\xe0\0\x20\x05\x18\x22\x1f\x06\x03\x9f\x7f\x2e\x05\x0e\x06\x03\xe0\0\x20\x05\
\x18\x22\x1f\x06\x03\x9f\x7f\x2e\x05\x0e\x06\x03\xe0\0\x20\x05\x18\x22\x1f\x06\
\x03\x9f\x7f\x2e\x05\x0e\x06\x03\xe0\0\x20\x05\x18\x22\x1f\x06\x03\x9f\x7f\x2e\
\x05\x0e\x06\x03\xe0\0\x20\x05\x18\x22\x1f\x06\x03\x9f\x7f\x2e\x05\x0e\x06\x03\
\xe0\0\x20\x05\x18\x22\x1f\x06\x03\x9f\x7f\x2e\x05\x0e\x06\x03\xe0\0\x20\x05\
\x18\x22\x1f\x06\x03\x9f\x7f\x2e\x05\x0e\x06\x03\xe0\0\x20\x05\x18\x22\x1f\x06\
\x03\x9f\x7f\x2e\x05\x0e\x06\x03\xe0\0\x20\x05\x18\x22\x1f\x06\x03\x9f\x7f\x2e\
\x05\x0e\x06\x03\xe0\0\x20\x05\x18\x22\x1f\x06\x03\x9f\x7f\x2e\x05\x0e\x06\x03\
\xe0\0\x20\x05\x18\x22\x1f\x06\x03\x9f\x7f\x2e\x05\x0e\x06\x03\xe0\0\x20\x05\
\x18\x22\x1f\x06\x03\x9f\x7f\x2e\x05\x0e\x06\x03\xe0\0\x20\x05\x18\x22\x1f\x06\
\x03\x9f\x7f\x2e\x05\x0e\x06\x03\xe0\0\x20\x05\x18\x22\x1f\x06\x03\x9f\x7f\x2e\
\x05\x0e\x06\x03\xe0\0\x20\x05\x18\x22\x1f\x06\x03\x9f\x7f\x2e\x05\x0e\x06\x03\
\xe0\0\x20\x05\x18\x22\x1f\x06\x03\x9f\x7f\x2e\x05\x0e\x06\x03\xe0\0\x20\x05\
\x18\x22\x1f\x06\x03\x9f\x7f\x2e\x05\x0e\x06\x03\xe0\0\x20\x05\x18\x22\x1f\x06\
\x03\x9f\x7f\x2e\x05\x0e\x06\x03\xe0\0\x20\x05\x18\x22\x1f\x06\x03\x9f\x7f\x2e\
\x05\x0e\x06\x03\xe0\0\x20\x05\x18\x22\x1f\x06\x03\x9f\x7f\x2e\x05\x0e\x06\x03\
\xe0\0\x20\x05\x18\x22\x1f\x06\x03\x9f\x7f\x2e\x05\x0e\x06\x03\xe0\0\x20\x05\
\x18\x22\x1f\x06\x03\x9f\x7f\x2e\x05\x0e\x06\x03\xe0\0\x20\x05\x18\x22\x1f\x06\
\x03\x9f\x7f\x2e\x05\x0e\x06\x03\xe0\0\x20\x05\x18\x22\x1f\x06\x03\x9f\x7f\x2e\
\x05\x0e\x06\x03\xe0\0\x20\x05\x18\x22\x1f\x06\x03\x9f\x7f\x2e\x05\x0e\x06\x03\
\xe0\0\x20\x05\x18\x22\x1f\x06\x03\x9f\x7f\x2e\x05\x0e\x06\x03\xe0\0\x20\x05\
\x18\x22\x1f\x06\x03\x9f\x7f\x2e\x05\x0e\x06\x03\xe0\0\x20\x05\x18\x22\x1f\x06\
\x03\x9f\x7f\x2e\x05\x0e\x06\x03\xe0\0\x20\x05\x18\x22\x1f\x06\x03\x9f\x7f\x2e\
\x05\x0e\x06\x03\xe0\0\x20\x05\x18\x22\x1f\x06\x03\x9f\x7f\x2e\x05\x0e\x06\x03\
\xe0\0\x20\x05\x18\x22\x1f\x06\x03\x9f\x7f\x2e\x05\x0e\x06\x03\xe0\0\x20\x05\
\x18\x22\x1f\x06\x03\x9f\x7f\x2e\x05\x0e\x06\x03\xe0\0\x20\x05\x18\x22\x1f\x06\
\x03\x9f\x7f\x2e\x05\x0e\x06\x03\xe0\0\x20\x05\x18\x22\x1f\x06\x03\x9f\x7f\x2e\
\x05\x0e\x06\x03\xe0\0\x20\x05\x18\x22\x1f\x06\x03\x9f\x7f\x2e\x05\x0e\x06\x03\
\xe0\0\x20\x05\x18\x22\x1f\x06\x03\x9f\x7f\x2e\x05\x0e\x06\x03\xe0\0\x20\x05\
\x18\x22\x1f\x06\x03\x9f\x7f\x2e\x05\x04\x06\x03\xe8\0\x2e\x05\x17\x06\x4a\x05\
\x04\x2e\x06\x25\x05\x17\x06\x2e\x05\x16\x06\x1c\x05\x04\x06\x2e\x05\x1b\x3c\
\x05\x04\x06\x25\x05\x1b\x06\x3c\x05\x16\x06\x1c\x05\x04\x06\x20\x05\x1b\x2e\
\x05\x04\x06\x25\x05\x1b\x06\x20\x05\x19\x06\x23\x05\x08\x3e\x05\x05\x21\x06\
\x03\x8b\x7f\x4a\x05\x19\x06\x03\xf8\0\x20\x05\x08\x4c\x05\x05\x21\x05\x17\x4e\
\x05\x08\x21\x06\x03\x80\x7f\x20\x05\x1a\x06\x03\x82\x01\x20\x05\x09\x5a\x06\
\x03\xfc\x7e\x20\x05\x0c\x06\x03\x85\x01\x20\x05\x0a\x06\x20\x05\x18\x06\x22\
\x05\x16\x06\x20\x05\x12\x06\x21\x06\x03\xf8\x7e\x20\x05\x0c\x06\x03\x85\x01\
\x20\x05\x06\x41\x40\x06\x03\xf2\x7e\x58\x05\x1a\x06\x03\x94\x01\x20\x05\x09\
\x5a\x06\x03\xea\x7e\x20\x05\x0c\x06\x03\x97\x01\x20\x05\x0a\x06\x20\x05\x18\
\x06\x22\x05\x16\x06\x20\x05\x12\x06\x21\x06\x03\xe6\x7e\x20\x05\x0c\x06\x03\
\x97\x01\x20\x05\x06\x41\x40\x05\0\x06\x03\xe0\x7e\x4a\x05\x09\x06\x03\xa9\x01\
\x4a\x05\x06\x4c\x05\x28\x22\x05\x08\x06\x2e\x05\x07\x06\x5a\x06\x03\xd1\x7e\
\x20\x05\x10\x06\x03\xb0\x01\x20\x05\x0e\x32\x05\x18\x22\x1f\x06\x03\xcb\x7e\
\x3c\x05\x0e\x06\x03\xb4\x01\x20\x05\x18\x22\x1f\x06\x03\xcb\x7e\x2e\x05\x0e\
\x06\x03\xb4\x01\x20\x05\x18\x22\x1f\x06\x03\xcb\x7e\x2e\x05\x0e\x06\x03\xb4\
\x01\x20\x05\x18\x22\x1f\x06\x03\xcb\x7e\x2e\x05\x0e\x06\x03\xb4\x01\x20\x05\
\x18\x22\x1f\x06\x03\xcb\x7e\x2e\x05\x0e\x06\x03\xb4\x01\x20\x05\x18\x22\x1f\
\x06\x03\xcb\x7e\x2e\x05\x0e\x06\x03\xb4\x01\x20\x05\x18\x22\x1f\x06\x03\xcb\
\x7e\x2e\x05\x0e\x06\x03\xb4\x01\x20\x05\x18\x22\x1f\x06\x03\xcb\x7e\x2e\x05\
\x0e\x06\x03\xb4\x01\x20\x05\x18\x22\x1f\x06\x03\xcb\x7e\x2e\x05\x0e\x06\x03\
\xb4\x01\x20\x05\x18\x22\x1f\x06\x03\xcb\x7e\x2e\x05\x0e\x06\x03\xb4\x01\x20\
\x05\x18\x22\x1f\x06\x03\xcb\x7e\x2e\x05\x0e\x06\x03\xb4\x01\x20\x05\x18\x22\
\x1f\x06\x03\xcb\x7e\x2e\x05\x0e\x06\x03\xb4\x01\x20\x05\x18\x22\x1f\x06\x03\
\xcb\x7e\x2e\x05\x0e\x06\x03\xb4\x01\x20\x05\x18\x22\x1f\x06\x03\xcb\x7e\x2e\
\x05\x0e\x06\x03\xb4\x01\x20\x05\x18\x22\x1f\x06\x03\xcb\x7e\x2e\x05\x0e\x06\
\x03\xb4\x01\x20\x05\x18\x22\x1f\x06\x03\xcb\x7e\x2e\x05\x0e\x06\x03\xb4\x01\
\x20\x05\x18\x22\x1f\x06\x03\xcb\x7e\x2e\x05\x0e\x06\x03\xb4\x01\x20\x05\x18\
\x22\x1f\x06\x03\xcb\x7e\x2e\x05\x0e\x06\x03\xb4\x01\x20\x05\x18\x22\x1f\x06\
\x03\xcb\x7e\x2e\x05\x0e\x06\x03\xb4\x01\x20\x05\x18\x22\x1f\x06\x03\xcb\x7e\
\x2e\x05\x0e\x06\x03\xb4\x01\x20\x05\x18\x22\x1f\x06\x03\xcb\x7e\x2e\x05\x0e\
\x06\x03\xb4\x01\x20\x05\x18\x22\x1f\x06\x03\xcb\x7e\x2e\x05\x0e\x06\x03\xb4\
\x01\x20\x05\x18\x22\x1f\x06\x03\xcb\x7e\x2e\x05\x0e\x06\x03\xb4\x01\x20\x05\
\x18\x22\x1f\x06\x03\xcb\x7e\x2e\x05\x0e\x06\x03\xb4\x01\x20\x05\x18\x22\x1f\
\x06\x03\xcb\x7e\x2e\x05\x0e\x06\x03\xb4\x01\x20\x05\x18\x22\x1f\x06\x03\xcb\
\x7e\x2e\x05\x0e\x06\x03\xb4\x01\x20\x05\x18\x22\x1f\x06\x03\xcb\x7e\x2e\x05\
\x0e\x06\x03\xb4\x01\x20\x05\x18\x22\x1f\x06\x03\xcb\x7e\x2e\x05\x0e\x06\x03\
\xb4\x01\x20\x05\x18\x22\x1f\x06\x03\xcb\x7e\x2e\x05\x0e\x06\x03\xb4\x01\x20\
\x05\x18\x22\x1f\x06\x03\xcb\x7e\x2e\x05\x0e\x06\x03\xb4\x01\x20\x05\x18\x22\
\x1f\x06\x03\xcb\x7e\x2e\x05\x0e\x06\x03\xb4\x01\x20\x05\x18\x22\x1f\x06\x03\
\xcb\x7e\x2e\x05\x0e\x06\x03\xb4\x01\x20\x05\x18\x22\x1f\x06\x03\xcb\x7e\x2e\
\x05\x0e\x06\x03\xb4\x01\x20\x05\x18\x22\x1f\x06\x03\xcb\x7e\x2e\x05\x0e\x06\
\x03\xb4\x01\x20\x05\x18\x22\x1f\x06\x03\xcb\x7e\x2e\x05\x0e\x06\x03\xb4\x01\
\x20\x05\x18\x22\x1f\x06\x03\xcb\x7e\x2e\x05\x0e\x06\x03\xb4\x01\x20\x05\x18\
\x22\x1f\x06\x03\xcb\x7e\x2e\x05\x0e\x06\x03\xb4\x01\x20\x05\x18\x22\x1f\x06\
\x03\xcb\x7e\x2e\x05\x0e\x06\x03\xb4\x01\x20\x05\x18\x22\x1f\x06\x03\xcb\x7e\
\x2e\x05\x0e\x06\x03\xb4\x01\x20\x05\x18\x22\x1f\x06\x03\xcb\x7e\x2e\x05\x0e\
\x06\x03\xb4\x01\x20\x05\x18\x22\x1f\x06\x03\xcb\x7e\x2e\x05\x0e\x06\x03\xb4\
\x01\x20\x05\x18\x22\x1f\x06\x03\xcb\x7e\x2e\x05\x0e\x06\x03\xb4\x01\x20\x05\
\x18\x22\x1f\x06\x03\xcb\x7e\x2e\x05\x0e\x06\x03\xb4\x01\x20\x05\x18\x22\x1f\
\x06\x03\xcb\x7e\x2e\x05\x0e\x06\x03\xb4\x01\x20\x05\x18\x22\x1f\x06\x03\xcb\
\x7e\x2e\x05\x0e\x06\x03\xb4\x01\x20\x05\x18\x22\x1f\x06\x03\xcb\x7e\x2e\x05\
\x0e\x06\x03\xb4\x01\x20\x05\x18\x22\x1f\x06\x03\xcb\x7e\x2e\x05\x0e\x06\x03\
\xb4\x01\x20\x05\x18\x22\x1f\x06\x03\xcb\x7e\x2e\x05\x0e\x06\x03\xb4\x01\x20\
\x05\x18\x22\x1f\x06\x03\xcb\x7e\x2e\x05\x0e\x06\x03\xb4\x01\x20\x05\x18\x22\
\x1f\x06\x03\xcb\x7e\x2e\x05\x0e\x06\x03\xb4\x01\x20\x05\x18\x22\x1f\x06\x03\
\xcb\x7e\x2e\x05\x0e\x06\x03\xb4\x01\x20\x05\x18\x22\x1f\x06\x03\xcb\x7e\x2e\
\x05\x0e\x06\x03\xb4\x01\x20\x05\x18\x22\x1f\x06\x03\xcb\x7e\x2e\x05\x0e\x06\
\x03\xb4\x01\x20\x05\x18\x22\x1f\x06\x03\xcb\x7e\x2e\x05\x0e\x06\x03\xb4\x01\
\x20\x05\x18\x22\x1f\x06\x03\xcb\x7e\x2e\x05\x0e\x06\x03\xb4\x01\x20\x05\x18\
\x22\x1f\x06\x03\xcb\x7e\x2e\x05\x0e\x06\x03\xb4\x01\x20\x05\x18\x22\x1f\x06\
\x03\xcb\x7e\x2e\x05\x0e\x06\x03\xb4\x01\x20\x05\x18\x22\x1f\x06\x03\xcb\x7e\
\x2e\x05\x0e\x06\x03\xb4\x01\x20\x05\x18\x22\x1f\x06\x03\xcb\x7e\x2e\x05\x0e\
\x06\x03\xb4\x01\x20\x05\x18\x22\x1f\x06\x03\xcb\x7e\x2e\x05\x0e\x06\x03\xb4\
\x01\x20\x05\x18\x22\x1f\x06\x03\xcb\x7e\x2e\x05\x04\x06\x03\xbc\x01\x3c\x05\
\x17\x06\x3c\x05\0\x03\xc4\x7e\x2e\x05\x04\x06\x03\xc1\x01\x20\x05\x17\x06\x2e\
\x05\x16\x06\x1c\x05\x04\x06\x2e\x05\x1b\x3c\x05\x04\x06\x25\x05\x1b\x06\x3c\
\x05\x16\x06\x1c\x05\x04\x06\x20\x05\x1b\x2e\x05\x04\x06\x25\x05\x1b\x06\x20\
\x05\x19\x06\x23\x05\x08\x3e\x05\x05\x21\x06\x03\xb7\x7e\x4a\x05\x19\x06\x03\
\xcc\x01\x2e\x05\x08\x3e\x05\x05\x21\x05\0\x06\x03\xb1\x7e\x4a\x05\x17\x06\x03\
\xd3\x01\x20\x05\x08\x21\x06\x03\xac\x7e\x20\x05\x1a\x06\x03\xd6\x01\x20\x05\
\x09\x5a\x06\x03\xa8\x7e\x20\x05\x0c\x06\x03\xd9\x01\x20\x05\x0a\x06\x20\x05\
\x18\x06\x22\x05\x16\x06\x20\x05\x12\x06\x21\x06\x03\xa4\x7e\x20\x05\x0c\x06\
\x03\xd9\x01\x20\x05\x06\x41\x40\x06\x03\x9e\x7e\x58\x05\x1a\x06\x03\xe8\x01\
\x20\x05\x09\x5a\x06\x03\x96\x7e\x20\x05\x0c\x06\x03\xeb\x01\x20\x05\x0a\x06\
\x20\x05\x18\x06\x22\x05\x16\x06\x20\x05\x12\x06\x21\x06\x03\x92\x7e\x20\x05\
\x0c\x06\x03\xeb\x01\x20\x05\x06\x41\x40\x05\0\x06\x03\x8c\x7e\x4a\x05\x02\x06\
\x03\xfc\x01\x2e\x02\x02\0\x01\x01\x2f\x68\x6f\x6d\x65\x2f\x66\x75\x72\x65\x68\
\x5f\x6d\x69\x74\x6f\x74\x6f\x2f\x50\x68\x61\x6e\x74\x6f\x6d\x5f\x54\x72\x61\
\x63\x6b\x65\x72\x2f\x70\x68\x61\x6e\x74\x6f\x6d\x2d\x74\x72\x61\x63\x6b\x65\
\x72\x2f\x70\x76\x73\x63\x68\x65\x64\x2d\x68\x6f\x73\x74\0\x69\x6e\x63\x6c\x75\
\x64\x65\0\x2f\x75\x73\x72\x2f\x69\x6e\x63\x6c\x75\x64\x65\x2f\x62\x70\x66\0\
\x65\x62\x70\x66\x2f\x63\x72\x65\x61\x74\x65\x5f\x6d\x61\x70\x73\x2f\x63\x72\
\x65\x61\x74\x65\x5f\x6d\x61\x70\x73\x2e\x62\x70\x66\x2e\x63\0\x76\x6d\x6c\x69\
\x6e\x75\x78\x2e\x68\0\x62\x70\x66\x5f\x68\x65\x6c\x70\x65\x72\x5f\x64\x65\x66\
\x73\x2e\x68\0\x72\x65\x67\x69\x73\x74\x65\x72\x5f\x76\x6d\x5f\x62\x70\x66\x2e\
\x68\0\x70\x68\x61\x6e\x74\x6f\x6d\x5f\x74\x72\x61\x63\x6b\x65\x72\x2e\x68\0\0\
\0\0\0\0\0\0\0\0\0\0\0\0\0\0\0\0\0\0\0\0\0\0\0\0\0\0\x26\x01\0\0\x04\0\xf1\xff\
\0\0\0\0\0\0\0\0\0\0\0\0\0\0\0\0\0\0\0\0\x03\0\x03\0\0\0\0\0\0\0\0\0\0\0\0\0\0\
\0\0\0\x5b\x02\0\0\0\0\x03\0\x70\x0e\0\0\0\0\0\0\0\0\0\0\0\0\0\0\x61\x01\0\0\0\
\0\x03\0\xc8\x01\0\0\0\0\0\0\0\0\0\0\0\0\0\0\xa1\x01\0\0\0\0\x03\0\x90\x01\0\0\
\0\0\0\0\0\0\0\0\0\0\0\0\xf2\x01\0\0\0\0\x03\0\x68\x01\0\0\0\0\0\0\0\0\0\0\0\0\
\0\0\x71\x01\0\0\0\0\x03\0\xc0\x01\0\0\0\0\0\0\0\0\0\0\0\0\0\0\x63\x02\0\0\0\0\
\x03\0\x60\x0b\0\0\0\0\0\0\0\0\0\0\0\0\0\0\x1a\x02\0\0\0\0\x03\0\x78\x0c\0\0\0\
\0\0\0\0\0\0\0\0\0\0\0\x2f\0\0\0\x01\0\x07\0\0\0\0\0\0\0\0\0\x21\0\0\0\0\0\0\0\
\xc0\x01\0\0\0\0\x03\0\xc8\x0c\0\0\0\0\0\0\0\0\0\0\0\0\0\0\x6b\x02\0\0\x01\0\
\x07\0\x21\0\0\0\0\0\0\0\x21\0\0\0\0\0\0\0\x78\x01\0\0\0\0\x03\0\xa0\x0d\0\0\0\
\0\0\0\0\0\0\0\0\0\0\0\x43\x02\0\0\x01\0\x07\0\x42\0\0\0\0\0\0\0\x39\0\0\0\0\0\
\0\0\x83\x02\0\0\0\0\x03\0\x60\x0e\0\0\0\0\0\0\0\0\0\0\0\0\0\0\x22\x02\0\0\x01\
\0\x07\0\x7b\0\0\0\0\0\0\0\x39\0\0\0\0\0\0\0\xc8\x01\0\0\0\0\x03\0\xa8\x1b\0\0\
\0\0\0\0\0\0\0\0\0\0\0\0\xd1\x01\0\0\0\0\x03\0\x90\x18\0\0\0\0\0\0\0\0\0\0\0\0\
\0\0\x80\x01\0\0\0\0\x03\0\xa8\x19\0\0\0\0\0\0\0\0\0\0\0\0\0\0\x02\x02\0\0\x01\
\0\x07\0\xb4\0\0\0\0\0\0\0\x21\0\0\0\0\0\0\0\x68\x01\0\0\0\0\x03\0\xf8\x19\0\0\
\0\0\0\0\0\0\0\0\0\0\0\0\xda\x01\0\0\x01\0\x07\0\xd5\0\0\0\0\0\0\0\x21\0\0\0\0\
\0\0\0\x3a\x02\0\0\0\0\x03\0\xd8\x1a\0\0\0\0\0\0\0\0\0\0\0\0\0\0\xa8\x01\0\0\
\x01\0\x07\0\xf6\0\0\0\0\0\0\0\x39\0\0\0\0\0\0\0\xf9\x01\0\0\0\0\x03\0\x98\x1b\
\0\0\0\0\0\0\0\0\0\0\0\0\0\0\x89\x01\0\0\x01\0\x07\0\x2f\x01\0\0\0\0\0\0\x39\0\
\0\0\0\0\0\0\0\0\0\0\x03\0\x07\0\0\0\0\0\0\0\0\0\0\0\0\0\0\0\0\0\0\0\0\0\x03\0\
\x08\0\0\0\0\0\0\0\0\0\0\0\0\0\0\0\0\0\0\0\0\0\x03\0\x09\0\0\0\0\0\0\0\0\0\0\0\
\0\0\0\0\0\0\0\0\0\0\x03\0\x0c\0\0\0\0\0\0\0\0\0\0\0\0\0\0\0\0\0\0\0\0\0\x03\0\
\x0d\0\0\0\0\0\0\0\0\0\0\0\0\0\0\0\0\0\0\0\0\0\x03\0\x0f\0\0\0\0\0\0\0\0\0\0\0\
\0\0\0\0\0\0\0\0\0\0\x03\0\x10\0\0\0\0\0\0\0\0\0\0\0\0\0\0\0\0\0\0\0\0\0\x03\0\
\x16\0\0\0\0\0\0\0\0\0\0\0\0\0\0\0\0\0\0\0\0\0\x03\0\x18\0\0\0\0\0\0\0\0\0\0\0\
\0\0\0\0\0\0\0\0\0\0\x03\0\x1a\0\0\0\0\0\0\0\0\0\0\0\0\0\0\0\0\0\xc7\0\0\0\x12\
\0\x03\0\0\0\0\0\0\0\0\0\xb8\x1b\0\0\0\0\0\0\x45\0\0\0\x11\0\x06\0\0\0\0\0\0\0\
\0\0\x20\0\0\0\0\0\0\0\x88\0\0\0\x11\0\x06\0\x20\0\0\0\0\0\0\0\x20\0\0\0\0\0\0\
\0\x01\0\0\0\x11\0\x06\0\x40\0\0\0\0\0\0\0\x20\0\0\0\0\0\0\0\x59\x01\0\0\x11\0\
\x05\0\0\0\0\0\0\0\0\0\x04\0\0\0\0\0\0\0\xd8\0\0\0\0\0\0\0\x01\0\0\0\x26\0\0\0\
\x10\x01\0\0\0\0\0\0\x01\0\0\0\x27\0\0\0\x38\x0c\0\0\0\0\0\0\x01\0\0\0\x28\0\0\
\0\x58\x0c\0\0\0\0\0\0\x01\0\0\0\x1b\0\0\0\x88\x0c\0\0\0\0\0\0\x01\0\0\0\x28\0\
\0\0\xa8\x0c\0\0\0\0\0\0\x01\0\0\0\x1b\0\0\0\xe8\x0c\0\0\0\0\0\0\x01\0\0\0\x28\
\0\0\0\x88\x0d\0\0\0\0\0\0\x01\0\0\0\x1b\0\0\0\xb0\x0d\0\0\0\0\0\0\x01\0\0\0\
\x28\0\0\0\x50\x0e\0\0\0\0\0\0\x01\0\0\0\x1b\0\0\0\x80\x0e\0\0\0\0\0\0\x01\0\0\
\0\x26\0\0\0\xb8\x0e\0\0\0\0\0\0\x01\0\0\0\x27\0\0\0\x68\x19\0\0\0\0\0\0\x01\0\
\0\0\x28\0\0\0\x88\x19\0\0\0\0\0\0\x01\0\0\0\x1b\0\0\0\xb8\x19\0\0\0\0\0\0\x01\
\0\0\0\x28\0\0\0\xd8\x19\0\0\0\0\0\0\x01\0\0\0\x1b\0\0\0\x20\x1a\0\0\0\0\0\0\
\x01\0\0\0\x28\0\0\0\xc0\x1a\0\0\0\0\0\0\x01\0\0\0\x1b\0\0\0\xe8\x1a\0\0\0\0\0\
\0\x01\0\0\0\x28\0\0\0\x88\x1b\0\0\0\0\0\0\x01\0\0\0\x1b\0\0\0\x08\0\0\0\0\0\0\
\0\x03\0\0\0\x1d\0\0\0\x11\0\0\0\0\0\0\0\x03\0\0\0\x1f\0\0\0\x15\0\0\0\0\0\0\0\
\x03\0\0\0\x23\0\0\0\x1f\0\0\0\0\0\0\0\x03\0\0\0\x21\0\0\0\x23\0\0\0\0\0\0\0\
\x03\0\0\0\x1e\0\0\0\x27\0\0\0\0\0\0\0\x03\0\0\0\x1c\0\0\0\x08\0\0\0\0\0\0\0\
\x03\0\0\0\x20\0\0\0\x0c\0\0\0\0\0\0\0\x03\0\0\0\x20\0\0\0\x10\0\0\0\0\0\0\0\
\x03\0\0\0\x20\0\0\0\x14\0\0\0\0\0\0\0\x03\0\0\0\x20\0\0\0\x18\0\0\0\0\0\0\0\
\x03\0\0\0\x20\0\0\0\x1c\0\0\0\0\0\0\0\x03\0\0\0\x20\0\0\0\x20\0\0\0\0\0\0\0\
\x03\0\0\0\x20\0\0\0\x24\0\0\0\0\0\0\0\x03\0\0\0\x20\0\0\0\x28\0\0\0\0\0\0\0\
\x03\0\0\0\x20\0\0\0\x2c\0\0\0\0\0\0\0\x03\0\0\0\x20\0\0\0\x30\0\0\0\0\0\0\0\
\x03\0\0\0\x20\0\0\0\x34\0\0\0\0\0\0\0\x03\0\0\0\x20\0\0\0\x38\0\0\0\0\0\0\0\
\x03\0\0\0\x20\0\0\0\x3c\0\0\0\0\0\0\0\x03\0\0\0\x20\0\0\0\x40\0\0\0\0\0\0\0\
\x03\0\0\0\x20\0\0\0\x44\0\0\0\0\0\0\0\x03\0\0\0\x20\0\0\0\x48\0\0\0\0\0\0\0\
\x03\0\0\0\x20\0\0\0\x4c\0\0\0\0\0\0\0\x03\0\0\0\x20\0\0\0\x50\0\0\0\0\0\0\0\
\x03\0\0\0\x20\0\0\0\x54\0\0\0\0\0\0\0\x03\0\0\0\x20\0\0\0\x58\0\0\0\0\0\0\0\
\x03\0\0\0\x20\0\0\0\x5c\0\0\0\0\0\0\0\x03\0\0\0\x20\0\0\0\x60\0\0\0\0\0\0\0\
\x03\0\0\0\x20\0\0\0\x64\0\0\0\0\0\0\0\x03\0\0\0\x20\0\0\0\x68\0\0\0\0\0\0\0\
\x03\0\0\0\x20\0\0\0\x6c\0\0\0\0\0\0\0\x03\0\0\0\x20\0\0\0\x70\0\0\0\0\0\0\0\
\x03\0\0\0\x20\0\0\0\x74\0\0\0\0\0\0\0\x03\0\0\0\x20\0\0\0\x78\0\0\0\0\0\0\0\
\x03\0\0\0\x20\0\0\0\x7c\0\0\0\0\0\0\0\x03\0\0\0\x20\0\0\0\x80\0\0\0\0\0\0\0\
\x03\0\0\0\x20\0\0\0\x84\0\0\0\0\0\0\0\x03\0\0\0\x20\0\0\0\x88\0\0\0\0\0\0\0\
\x03\0\0\0\x20\0\0\0\x8c\0\0\0\0\0\0\0\x03\0\0\0\x20\0\0\0\x90\0\0\0\0\0\0\0\
\x03\0\0\0\x20\0\0\0\x94\0\0\0\0\0\0\0\x03\0\0\0\x20\0\0\0\x98\0\0\0\0\0\0\0\
\x03\0\0\0\x20\0\0\0\x9c\0\0\0\0\0\0\0\x03\0\0\0\x20\0\0\0\xa0\0\0\0\0\0\0\0\
\x03\0\0\0\x20\0\0\0\xa4\0\0\0\0\0\0\0\x03\0\0\0\x20\0\0\0\xa8\0\0\0\0\0\0\0\
\x03\0\0\0\x20\0\0\0\xac\0\0\0\0\0\0\0\x03\0\0\0\x20\0\0\0\xb0\0\0\0\0\0\0\0\
\x03\0\0\0\x20\0\0\0\xb4\0\0\0\0\0\0\0\x03\0\0\0\x20\0\0\0\xb8\0\0\0\0\0\0\0\
\x03\0\0\0\x20\0\0\0\xbc\0\0\0\0\0\0\0\x03\0\0\0\x20\0\0\0\xc0\0\0\0\0\0\0\0\
\x03\0\0\0\x20\0\0\0\xc4\0\0\0\0\0\0\0\x03\0\0\0\x20\0\0\0\xc8\0\0\0\0\0\0\0\
\x03\0\0\0\x20\0\0\0\xcc\0\0\0\0\0\0\0\x03\0\0\0\x20\0\0\0\xd0\0\0\0\0\0\0\0\
\x03\0\0\0\x20\0\0\0\xd4\0\0\0\0\0\0\0\x03\0\0\0\x20\0\0\0\xd8\0\0\0\0\0\0\0\
\x03\0\0\0\x20\0\0\0\xdc\0\0\0\0\0\0\0\x03\0\0\0\x20\0\0\0\xe0\0\0\0\0\0\0\0\
\x03\0\0\0\x20\0\0\0\xe4\0\0\0\0\0\0\0\x03\0\0\0\x20\0\0\0\xe8\0\0\0\0\0\0\0\
\x03\0\0\0\x20\0\0\0\xec\0\0\0\0\0\0\0\x03\0\0\0\x20\0\0\0\xf0\0\0\0\0\0\0\0\
\x03\0\0\0\x20\0\0\0\xf4\0\0\0\0\0\0\0\x03\0\0\0\x20\0\0\0\xf8\0\0\0\0\0\0\0\
\x03\0\0\0\x20\0\0\0\xfc\0\0\0\0\0\0\0\x03\0\0\0\x20\0\0\0\0\x01\0\0\0\0\0\0\
\x03\0\0\0\x20\0\0\0\x04\x01\0\0\0\0\0\0\x03\0\0\0\x20\0\0\0\x08\x01\0\0\0\0\0\
\0\x03\0\0\0\x20\0\0\0\x0c\x01\0\0\0\0\0\0\x03\0\0\0\x20\0\0\0\x10\x01\0\0\0\0\
\0\0\x03\0\0\0\x20\0\0\0\x14\x01\0\0\0\0\0\0\x03\0\0\0\x20\0\0\0\x18\x01\0\0\0\
\0\0\0\x03\0\0\0\x20\0\0\0\x1c\x01\0\0\0\0\0\0\x03\0\0\0\x20\0\0\0\x20\x01\0\0\
\0\0\0\0\x03\0\0\0\x20\0\0\0\x24\x01\0\0\0\0\0\0\x03\0\0\0\x20\0\0\0\x28\x01\0\
\0\0\0\0\0\x03\0\0\0\x20\0\0\0\x2c\x01\0\0\0\0\0\0\x03\0\0\0\x20\0\0\0\x30\x01\
\0\0\0\0\0\0\x03\0\0\0\x20\0\0\0\x34\x01\0\0\0\0\0\0\x03\0\0\0\x20\0\0\0\x38\
\x01\0\0\0\0\0\0\x03\0\0\0\x20\0\0\0\x3c\x01\0\0\0\0\0\0\x03\0\0\0\x20\0\0\0\
\x40\x01\0\0\0\0\0\0\x03\0\0\0\x20\0\0\0\x44\x01\0\0\0\0\0\0\x03\0\0\0\x20\0\0\
\0\x48\x01\0\0\0\0\0\0\x03\0\0\0\x20\0\0\0\x4c\x01\0\0\0\0\0\0\x03\0\0\0\x20\0\
\0\0\x50\x01\0\0\0\0\0\0\x03\0\0\0\x20\0\0\0\x54\x01\0\0\0\0\0\0\x03\0\0\0\x20\
\0\0\0\x58\x01\0\0\0\0\0\0\x03\0\0\0\x20\0\0\0\x08\0\0\0\0\0\0\0\x02\0\0\0\x29\
\0\0\0\x10\0\0\0\0\0\0\0\x02\0\0\0\x1b\0\0\0\x18\0\0\0\0\0\0\0\x02\0\0\0\x1b\0\
\0\0\x20\0\0\0\0\0\0\0\x02\0\0\0\x1b\0\0\0\x28\0\0\0\0\0\0\0\x02\0\0\0\x1b\0\0\
\0\x30\0\0\0\0\0\0\0\x02\0\0\0\x1b\0\0\0\x38\0\0\0\0\0\0\0\x02\0\0\0\x1b\0\0\0\
\x40\0\0\0\0\0\0\0\x02\0\0\0\x1b\0\0\0\x48\0\0\0\0\0\0\0\x02\0\0\0\x1b\0\0\0\
\x50\0\0\0\0\0\0\0\x02\0\0\0\x27\0\0\0\x58\0\0\0\0\0\0\0\x02\0\0\0\x26\0\0\0\
\x60\0\0\0\0\0\0\0\x02\0\0\0\x28\0\0\0\x68\0\0\0\0\0\0\0\x02\0\0\0\x02\0\0\0\
\x70\0\0\0\0\0\0\0\x02\0\0\0\x02\0\0\0\x78\0\0\0\0\0\0\0\x02\0\0\0\x02\0\0\0\
\x80\0\0\0\0\0\0\0\x02\0\0\0\x02\0\0\0\x88\0\0\0\0\0\0\0\x02\0\0\0\x02\0\0\0\
\x0c\x05\0\0\0\0\0\0\x04\0\0\0\x26\0\0\0\x18\x05\0\0\0\0\0\0\x04\0\0\0\x27\0\0\
\0\x24\x05\0\0\0\0\0\0\x04\0\0\0\x28\0\0\0\x3c\x05\0\0\0\0\0\0\x03\0\0\0\x1b\0\
\0\0\x48\x05\0\0\0\0\0\0\x03\0\0\0\x1b\0\0\0\x54\x05\0\0\0\0\0\0\x03\0\0\0\x1b\
\0\0\0\x60\x05\0\0\0\0\0\0\x03\0\0\0\x1b\0\0\0\x6c\x05\0\0\0\0\0\0\x03\0\0\0\
\x1b\0\0\0\x78\x05\0\0\0\0\0\0\x03\0\0\0\x1b\0\0\0\x84\x05\0\0\0\0\0\0\x03\0\0\
\0\x1b\0\0\0\x90\x05\0\0\0\0\0\0\x03\0\0\0\x1b\0\0\0\xa8\x05\0\0\0\0\0\0\x04\0\
\0\0\x29\0\0\0\x2c\0\0\0\0\0\0\0\x04\0\0\0\x02\0\0\0\x40\0\0\0\0\0\0\0\x04\0\0\
\0\x02\0\0\0\x50\0\0\0\0\0\0\0\x04\0\0\0\x02\0\0\0\x60\0\0\0\0\0\0\0\x04\0\0\0\
\x02\0\0\0\x70\0\0\0\0\0\0\0\x04\0\0\0\x02\0\0\0\x80\0\0\0\0\0\0\0\x04\0\0\0\
\x02\0\0\0\x90\0\0\0\0\0\0\0\x04\0\0\0\x02\0\0\0\xa0\0\0\0\0\0\0\0\x04\0\0\0\
\x02\0\0\0\xb0\0\0\0\0\0\0\0\x04\0\0\0\x02\0\0\0\xc0\0\0\0\0\0\0\0\x04\0\0\0\
\x02\0\0\0\xd0\0\0\0\0\0\0\0\x04\0\0\0\x02\0\0\0\xe0\0\0\0\0\0\0\0\x04\0\0\0\
\x02\0\0\0\xf0\0\0\0\0\0\0\0\x04\0\0\0\x02\0\0\0\0\x01\0\0\0\0\0\0\x04\0\0\0\
\x02\0\0\0\x10\x01\0\0\0\0\0\0\x04\0\0\0\x02\0\0\0\x20\x01\0\0\0\0\0\0\x04\0\0\
\0\x02\0\0\0\x30\x01\0\0\0\0\0\0\x04\0\0\0\x02\0\0\0\x40\x01\0\0\0\0\0\0\x04\0\
\0\0\x02\0\0\0\x50\x01\0\0\0\0\0\0\x04\0\0\0\x02\0\0\0\x60\x01\0\0\0\0\0\0\x04\
\0\0\0\x02\0\0\0\x70\x01\0\0\0\0\0\0\x04\0\0\0\x02\0\0\0\x80\x01\0\0\0\0\0\0\
\x04\0\0\0\x02\0\0\0\x90\x01\0\0\0\0\0\0\x04\0\0\0\x02\0\0\0\xa0\x01\0\0\0\0\0\
\0\x04\0\0\0\x02\0\0\0\xb0\x01\0\0\0\0\0\0\x04\0\0\0\x02\0\0\0\xc0\x01\0\0\0\0\
\0\0\x04\0\0\0\x02\0\0\0\xd0\x01\0\0\0\0\0\0\x04\0\0\0\x02\0\0\0\xe0\x01\0\0\0\
\0\0\0\x04\0\0\0\x02\0\0\0\xf0\x01\0\0\0\0\0\0\x04\0\0\0\x02\0\0\0\0\x02\0\0\0\
\0\0\0\x04\0\0\0\x02\0\0\0\x10\x02\0\0\0\0\0\0\x04\0\0\0\x02\0\0\0\x20\x02\0\0\
\0\0\0\0\x04\0\0\0\x02\0\0\0\x30\x02\0\0\0\0\0\0\x04\0\0\0\x02\0\0\0\x40\x02\0\
\0\0\0\0\0\x04\0\0\0\x02\0\0\0\x50\x02\0\0\0\0\0\0\x04\0\0\0\x02\0\0\0\x60\x02\
\0\0\0\0\0\0\x04\0\0\0\x02\0\0\0\x70\x02\0\0\0\0\0\0\x04\0\0\0\x02\0\0\0\x80\
\x02\0\0\0\0\0\0\x04\0\0\0\x02\0\0\0\x90\x02\0\0\0\0\0\0\x04\0\0\0\x02\0\0\0\
\xa0\x02\0\0\0\0\0\0\x04\0\0\0\x02\0\0\0\xb0\x02\0\0\0\0\0\0\x04\0\0\0\x02\0\0\
\0\xc0\x02\0\0\0\0\0\0\x04\0\0\0\x02\0\0\0\xd0\x02\0\0\0\0\0\0\x04\0\0\0\x02\0\
\0\0\xe0\x02\0\0\0\0\0\0\x04\0\0\0\x02\0\0\0\xf0\x02\0\0\0\0\0\0\x04\0\0\0\x02\
\0\0\0\0\x03\0\0\0\0\0\0\x04\0\0\0\x02\0\0\0\x10\x03\0\0\0\0\0\0\x04\0\0\0\x02\
\0\0\0\x20\x03\0\0\0\0\0\0\x04\0\0\0\x02\0\0\0\x30\x03\0\0\0\0\0\0\x04\0\0\0\
\x02\0\0\0\x40\x03\0\0\0\0\0\0\x04\0\0\0\x02\0\0\0\x50\x03\0\0\0\0\0\0\x04\0\0\
\0\x02\0\0\0\x60\x03\0\0\0\0\0\0\x04\0\0\0\x02\0\0\0\x70\x03\0\0\0\0\0\0\x04\0\
\0\0\x02\0\0\0\x80\x03\0\0\0\0\0\0\x04\0\0\0\x02\0\0\0\x90\x03\0\0\0\0\0\0\x04\
\0\0\0\x02\0\0\0\xa0\x03\0\0\0\0\0\0\x04\0\0\0\x02\0\0\0\xb0\x03\0\0\0\0\0\0\
\x04\0\0\0\x02\0\0\0\xc0\x03\0\0\0\0\0\0\x04\0\0\0\x02\0\0\0\xd0\x03\0\0\0\0\0\
\0\x04\0\0\0\x02\0\0\0\xe0\x03\0\0\0\0\0\0\x04\0\0\0\x02\0\0\0\xf0\x03\0\0\0\0\
\0\0\x04\0\0\0\x02\0\0\0\0\x04\0\0\0\0\0\0\x04\0\0\0\x02\0\0\0\x10\x04\0\0\0\0\
\0\0\x04\0\0\0\x02\0\0\0\x20\x04\0\0\0\0\0\0\x04\0\0\0\x02\0\0\0\x30\x04\0\0\0\
\0\0\0\x04\0\0\0\x02\0\0\0\x40\x04\0\0\0\0\0\0\x04\0\0\0\x02\0\0\0\x50\x04\0\0\
\0\0\0\0\x04\0\0\0\x02\0\0\0\x60\x04\0\0\0\0\0\0\x04\0\0\0\x02\0\0\0\x70\x04\0\
\0\0\0\0\0\x04\0\0\0\x02\0\0\0\x80\x04\0\0\0\0\0\0\x04\0\0\0\x02\0\0\0\x90\x04\
\0\0\0\0\0\0\x04\0\0\0\x02\0\0\0\xa0\x04\0\0\0\0\0\0\x04\0\0\0\x02\0\0\0\xb0\
\x04\0\0\0\0\0\0\x04\0\0\0\x02\0\0\0\xc0\x04\0\0\0\0\0\0\x04\0\0\0\x02\0\0\0\
\xd0\x04\0\0\0\0\0\0\x04\0\0\0\x02\0\0\0\xe0\x04\0\0\0\0\0\0\x04\0\0\0\x02\0\0\
\0\xf0\x04\0\0\0\0\0\0\x04\0\0\0\x02\0\0\0\0\x05\0\0\0\0\0\0\x04\0\0\0\x02\0\0\
\0\x10\x05\0\0\0\0\0\0\x04\0\0\0\x02\0\0\0\x20\x05\0\0\0\0\0\0\x04\0\0\0\x02\0\
\0\0\x30\x05\0\0\0\0\0\0\x04\0\0\0\x02\0\0\0\x40\x05\0\0\0\0\0\0\x04\0\0\0\x02\
\0\0\0\x50\x05\0\0\0\0\0\0\x04\0\0\0\x02\0\0\0\x60\x05\0\0\0\0\0\0\x04\0\0\0\
\x02\0\0\0\x70\x05\0\0\0\0\0\0\x04\0\0\0\x02\0\0\0\x80\x05\0\0\0\0\0\0\x04\0\0\
\0\x02\0\0\0\x90\x05\0\0\0\0\0\0\x04\0\0\0\x02\0\0\0\xa0\x05\0\0\0\0\0\0\x04\0\
\0\0\x02\0\0\0\xb0\x05\0\0\0\0\0\0\x04\0\0\0\x02\0\0\0\xc0\x05\0\0\0\0\0\0\x04\
\0\0\0\x02\0\0\0\xd0\x05\0\0\0\0\0\0\x04\0\0\0\x02\0\0\0\xe0\x05\0\0\0\0\0\0\
\x04\0\0\0\x02\0\0\0\xf0\x05\0\0\0\0\0\0\x04\0\0\0\x02\0\0\0\0\x06\0\0\0\0\0\0\
\x04\0\0\0\x02\0\0\0\x10\x06\0\0\0\0\0\0\x04\0\0\0\x02\0\0\0\x20\x06\0\0\0\0\0\
\0\x04\0\0\0\x02\0\0\0\x30\x06\0\0\0\0\0\0\x04\0\0\0\x02\0\0\0\x40\x06\0\0\0\0\
\0\0\x04\0\0\0\x02\0\0\0\x50\x06\0\0\0\0\0\0\x04\0\0\0\x02\0\0\0\x60\x06\0\0\0\
\0\0\0\x04\0\0\0\x02\0\0\0\x70\x06\0\0\0\0\0\0\x04\0\0\0\x02\0\0\0\x80\x06\0\0\
\0\0\0\0\x04\0\0\0\x02\0\0\0\x90\x06\0\0\0\0\0\0\x04\0\0\0\x02\0\0\0\xa0\x06\0\
\0\0\0\0\0\x04\0\0\0\x02\0\0\0\xb0\x06\0\0\0\0\0\0\x04\0\0\0\x02\0\0\0\xc0\x06\
\0\0\0\0\0\0\x04\0\0\0\x02\0\0\0\xd0\x06\0\0\0\0\0\0\x04\0\0\0\x02\0\0\0\xe0\
\x06\0\0\0\0\0\0\x04\0\0\0\x02\0\0\0\xf0\x06\0\0\0\0\0\0\x04\0\0\0\x02\0\0\0\0\
\x07\0\0\0\0\0\0\x04\0\0\0\x02\0\0\0\x10\x07\0\0\0\0\0\0\x04\0\0\0\x02\0\0\0\
\x20\x07\0\0\0\0\0\0\x04\0\0\0\x02\0\0\0\x30\x07\0\0\0\0\0\0\x04\0\0\0\x02\0\0\
\0\x40\x07\0\0\0\0\0\0\x04\0\0\0\x02\0\0\0\x50\x07\0\0\0\0\0\0\x04\0\0\0\x02\0\
\0\0\x60\x07\0\0\0\0\0\0\x04\0\0\0\x02\0\0\0\x70\x07\0\0\0\0\0\0\x04\0\0\0\x02\
\0\0\0\x80\x07\0\0\0\0\0\0\x04\0\0\0\x02\0\0\0\x90\x07\0\0\0\0\0\0\x04\0\0\0\
\x02\0\0\0\xa0\x07\0\0\0\0\0\0\x04\0\0\0\x02\0\0\0\xb0\x07\0\0\0\0\0\0\x04\0\0\
\0\x02\0\0\0\xc0\x07\0\0\0\0\0\0\x04\0\0\0\x02\0\0\0\xd0\x07\0\0\0\0\0\0\x04\0\
\0\0\x02\0\0\0\xe0\x07\0\0\0\0\0\0\x04\0\0\0\x02\0\0\0\xf0\x07\0\0\0\0\0\0\x04\
\0\0\0\x02\0\0\0\0\x08\0\0\0\0\0\0\x04\0\0\0\x02\0\0\0\x10\x08\0\0\0\0\0\0\x04\
\0\0\0\x02\0\0\0\x20\x08\0\0\0\0\0\0\x04\0\0\0\x02\0\0\0\x30\x08\0\0\0\0\0\0\
\x04\0\0\0\x02\0\0\0\x40\x08\0\0\0\0\0\0\x04\0\0\0\x02\0\0\0\x50\x08\0\0\0\0\0\
\0\x04\0\0\0\x02\0\0\0\x60\x08\0\0\0\0\0\0\x04\0\0\0\x02\0\0\0\x70\x08\0\0\0\0\
\0\0\x04\0\0\0\x02\0\0\0\x80\x08\0\0\0\0\0\0\x04\0\0\0\x02\0\0\0\x90\x08\0\0\0\
\0\0\0\x04\0\0\0\x02\0\0\0\xa0\x08\0\0\0\0\0\0\x04\0\0\0\x02\0\0\0\xb0\x08\0\0\
\0\0\0\0\x04\0\0\0\x02\0\0\0\xc0\x08\0\0\0\0\0\0\x04\0\0\0\x02\0\0\0\xd0\x08\0\
\0\0\0\0\0\x04\0\0\0\x02\0\0\0\xe0\x08\0\0\0\0\0\0\x04\0\0\0\x02\0\0\0\xf0\x08\
\0\0\0\0\0\0\x04\0\0\0\x02\0\0\0\0\x09\0\0\0\0\0\0\x04\0\0\0\x02\0\0\0\x10\x09\
\0\0\0\0\0\0\x04\0\0\0\x02\0\0\0\x20\x09\0\0\0\0\0\0\x04\0\0\0\x02\0\0\0\x30\
\x09\0\0\0\0\0\0\x04\0\0\0\x02\0\0\0\x40\x09\0\0\0\0\0\0\x04\0\0\0\x02\0\0\0\
\x50\x09\0\0\0\0\0\0\x04\0\0\0\x02\0\0\0\x60\x09\0\0\0\0\0\0\x04\0\0\0\x02\0\0\
\0\x70\x09\0\0\0\0\0\0\x04\0\0\0\x02\0\0\0\x80\x09\0\0\0\0\0\0\x04\0\0\0\x02\0\
\0\0\x90\x09\0\0\0\0\0\0\x04\0\0\0\x02\0\0\0\xa0\x09\0\0\0\0\0\0\x04\0\0\0\x02\
\0\0\0\xb0\x09\0\0\0\0\0\0\x04\0\0\0\x02\0\0\0\xc0\x09\0\0\0\0\0\0\x04\0\0\0\
\x02\0\0\0\xd0\x09\0\0\0\0\0\0\x04\0\0\0\x02\0\0\0\xe0\x09\0\0\0\0\0\0\x04\0\0\
\0\x02\0\0\0\xf0\x09\0\0\0\0\0\0\x04\0\0\0\x02\0\0\0\0\x0a\0\0\0\0\0\0\x04\0\0\
\0\x02\0\0\0\x10\x0a\0\0\0\0\0\0\x04\0\0\0\x02\0\0\0\x20\x0a\0\0\0\0\0\0\x04\0\
\0\0\x02\0\0\0\x30\x0a\0\0\0\0\0\0\x04\0\0\0\x02\0\0\0\x40\x0a\0\0\0\0\0\0\x04\
\0\0\0\x02\0\0\0\x50\x0a\0\0\0\0\0\0\x04\0\0\0\x02\0\0\0\x60\x0a\0\0\0\0\0\0\
\x04\0\0\0\x02\0\0\0\x70\x0a\0\0\0\0\0\0\x04\0\0\0\x02\0\0\0\x80\x0a\0\0\0\0\0\
\0\x04\0\0\0\x02\0\0\0\x90\x0a\0\0\0\0\0\0\x04\0\0\0\x02\0\0\0\xa0\x0a\0\0\0\0\
\0\0\x04\0\0\0\x02\0\0\0\xb0\x0a\0\0\0\0\0\0\x04\0\0\0\x02\0\0\0\xc0\x0a\0\0\0\
\0\0\0\x04\0\0\0\x02\0\0\0\xd0\x0a\0\0\0\0\0\0\x04\0\0\0\x02\0\0\0\xe0\x0a\0\0\
\0\0\0\0\x04\0\0\0\x02\0\0\0\xf0\x0a\0\0\0\0\0\0\x04\0\0\0\x02\0\0\0\0\x0b\0\0\
\0\0\0\0\x04\0\0\0\x02\0\0\0\x10\x0b\0\0\0\0\0\0\x04\0\0\0\x02\0\0\0\x20\x0b\0\
\0\0\0\0\0\x04\0\0\0\x02\0\0\0\x30\x0b\0\0\0\0\0\0\x04\0\0\0\x02\0\0\0\x40\x0b\
\0\0\0\0\0\0\x04\0\0\0\x02\0\0\0\x50\x0b\0\0\0\0\0\0\x04\0\0\0\x02\0\0\0\x60\
\x0b\0\0\0\0\0\0\x04\0\0\0\x02\0\0\0\x70\x0b\0\0\0\0\0\0\x04\0\0\0\x02\0\0\0\
\x80\x0b\0\0\0\0\0\0\x04\0\0\0\x02\0\0\0\x90\x0b\0\0\0\0\0\0\x04\0\0\0\x02\0\0\
\0\xa0\x0b\0\0\0\0\0\0\x04\0\0\0\x02\0\0\0\xb0\x0b\0\0\0\0\0\0\x04\0\0\0\x02\0\
\0\0\xc0\x0b\0\0\0\0\0\0\x04\0\0\0\x02\0\0\0\xd0\x0b\0\0\0\0\0\0\x04\0\0\0\x02\
\0\0\0\xe0\x0b\0\0\0\0\0\0\x04\0\0\0\x02\0\0\0\xf0\x0b\0\0\0\0\0\0\x04\0\0\0\
\x02\0\0\0\0\x0c\0\0\0\0\0\0\x04\0\0\0\x02\0\0\0\x10\x0c\0\0\0\0\0\0\x04\0\0\0\
\x02\0\0\0\x20\x0c\0\0\0\0\0\0\x04\0\0\0\x02\0\0\0\x30\x0c\0\0\0\0\0\0\x04\0\0\
\0\x02\0\0\0\x40\x0c\0\0\0\0\0\0\x04\0\0\0\x02\0\0\0\x50\x0c\0\0\0\0\0\0\x04\0\
\0\0\x02\0\0\0\x60\x0c\0\0\0\0\0\0\x04\0\0\0\x02\0\0\0\x70\x0c\0\0\0\0\0\0\x04\
\0\0\0\x02\0\0\0\x80\x0c\0\0\0\0\0\0\x04\0\0\0\x02\0\0\0\x90\x0c\0\0\0\0\0\0\
\x04\0\0\0\x02\0\0\0\xa0\x0c\0\0\0\0\0\0\x04\0\0\0\x02\0\0\0\xb0\x0c\0\0\0\0\0\
\0\x04\0\0\0\x02\0\0\0\xc0\x0c\0\0\0\0\0\0\x04\0\0\0\x02\0\0\0\xd0\x0c\0\0\0\0\
\0\0\x04\0\0\0\x02\0\0\0\xe0\x0c\0\0\0\0\0\0\x04\0\0\0\x02\0\0\0\xf0\x0c\0\0\0\
\0\0\0\x04\0\0\0\x02\0\0\0\0\x0d\0\0\0\0\0\0\x04\0\0\0\x02\0\0\0\x10\x0d\0\0\0\
\0\0\0\x04\0\0\0\x02\0\0\0\x20\x0d\0\0\0\0\0\0\x04\0\0\0\x02\0\0\0\x30\x0d\0\0\
\0\0\0\0\x04\0\0\0\x02\0\0\0\x40\x0d\0\0\0\0\0\0\x04\0\0\0\x02\0\0\0\x50\x0d\0\
\0\0\0\0\0\x04\0\0\0\x02\0\0\0\x60\x0d\0\0\0\0\0\0\x04\0\0\0\x02\0\0\0\x70\x0d\
\0\0\0\0\0\0\x04\0\0\0\x02\0\0\0\x80\x0d\0\0\0\0\0\0\x04\0\0\0\x02\0\0\0\x90\
\x0d\0\0\0\0\0\0\x04\0\0\0\x02\0\0\0\xa0\x0d\0\0\0\0\0\0\x04\0\0\0\x02\0\0\0\
\xb0\x0d\0\0\0\0\0\0\x04\0\0\0\x02\0\0\0\xc0\x0d\0\0\0\0\0\0\x04\0\0\0\x02\0\0\
\0\xd0\x0d\0\0\0\0\0\0\x04\0\0\0\x02\0\0\0\xe0\x0d\0\0\0\0\0\0\x04\0\0\0\x02\0\
\0\0\xf0\x0d\0\0\0\0\0\0\x04\0\0\0\x02\0\0\0\0\x0e\0\0\0\0\0\0\x04\0\0\0\x02\0\
\0\0\x10\x0e\0\0\0\0\0\0\x04\0\0\0\x02\0\0\0\x20\x0e\0\0\0\0\0\0\x04\0\0\0\x02\
\0\0\0\x30\x0e\0\0\0\0\0\0\x04\0\0\0\x02\0\0\0\x40\x0e\0\0\0\0\0\0\x04\0\0\0\
\x02\0\0\0\x50\x0e\0\0\0\0\0\0\x04\0\0\0\x02\0\0\0\x60\x0e\0\0\0\0\0\0\x04\0\0\
\0\x02\0\0\0\x70\x0e\0\0\0\0\0\0\x04\0\0\0\x02\0\0\0\x80\x0e\0\0\0\0\0\0\x04\0\
\0\0\x02\0\0\0\x90\x0e\0\0\0\0\0\0\x04\0\0\0\x02\0\0\0\xa0\x0e\0\0\0\0\0\0\x04\
\0\0\0\x02\0\0\0\xb0\x0e\0\0\0\0\0\0\x04\0\0\0\x02\0\0\0\xc0\x0e\0\0\0\0\0\0\
\x04\0\0\0\x02\0\0\0\xd0\x0e\0\0\0\0\0\0\x04\0\0\0\x02\0\0\0\xe0\x0e\0\0\0\0\0\
\0\x04\0\0\0\x02\0\0\0\xf0\x0e\0\0\0\0\0\0\x04\0\0\0\x02\0\0\0\0\x0f\0\0\0\0\0\
\0\x04\0\0\0\x02\0\0\0\x10\x0f\0\0\0\0\0\0\x04\0\0\0\x02\0\0\0\x20\x0f\0\0\0\0\
\0\0\x04\0\0\0\x02\0\0\0\x30\x0f\0\0\0\0\0\0\x04\0\0\0\x02\0\0\0\x40\x0f\0\0\0\
\0\0\0\x04\0\0\0\x02\0\0\0\x50\x0f\0\0\0\0\0\0\x04\0\0\0\x02\0\0\0\x60\x0f\0\0\
\0\0\0\0\x04\0\0\0\x02\0\0\0\x70\x0f\0\0\0\0\0\0\x04\0\0\0\x02\0\0\0\x80\x0f\0\
\0\0\0\0\0\x04\0\0\0\x02\0\0\0\x90\x0f\0\0\0\0\0\0\x04\0\0\0\x02\0\0\0\xa0\x0f\
\0\0\0\0\0\0\x04\0\0\0\x02\0\0\0\xb0\x0f\0\0\0\0\0\0\x04\0\0\0\x02\0\0\0\xc0\
\x0f\0\0\0\0\0\0\x04\0\0\0\x02\0\0\0\xd0\x0f\0\0\0\0\0\0\x04\0\0\0\x02\0\0\0\
\xe0\x0f\0\0\0\0\0\0\x04\0\0\0\x02\0\0\0\xf0\x0f\0\0\0\0\0\0\x04\0\0\0\x02\0\0\
\0\0\x10\0\0\0\0\0\0\x04\0\0\0\x02\0\0\0\x10\x10\0\0\0\0\0\0\x04\0\0\0\x02\0\0\
\0\x20\x10\0\0\0\0\0\0\x04\0\0\0\x02\0\0\0\x30\x10\0\0\0\0\0\0\x04\0\0\0\x02\0\
\0\0\x40\x10\0\0\0\0\0\0\x04\0\0\0\x02\0\0\0\x50\x10\0\0\0\0\0\0\x04\0\0\0\x02\
\0\0\0\x60\x10\0\0\0\0\0\0\x04\0\0\0\x02\0\0\0\x70\x10\0\0\0\0\0\0\x04\0\0\0\
\x02\0\0\0\x80\x10\0\0\0\0\0\0\x04\0\0\0\x02\0\0\0\x90\x10\0\0\0\0\0\0\x04\0\0\
\0\x02\0\0\0\xa0\x10\0\0\0\0\0\0\x04\0\0\0\x02\0\0\0\xb0\x10\0\0\0\0\0\0\x04\0\
\0\0\x02\0\0\0\xc0\x10\0\0\0\0\0\0\x04\0\0\0\x02\0\0\0\xd0\x10\0\0\0\0\0\0\x04\
\0\0\0\x02\0\0\0\xe0\x10\0\0\0\0\0\0\x04\0\0\0\x02\0\0\0\xf0\x10\0\0\0\0\0\0\
\x04\0\0\0\x02\0\0\0\0\x11\0\0\0\0\0\0\x04\0\0\0\x02\0\0\0\x10\x11\0\0\0\0\0\0\
\x04\0\0\0\x02\0\0\0\x20\x11\0\0\0\0\0\0\x04\0\0\0\x02\0\0\0\x30\x11\0\0\0\0\0\
\0\x04\0\0\0\x02\0\0\0\x40\x11\0\0\0\0\0\0\x04\0\0\0\x02\0\0\0\x50\x11\0\0\0\0\
\0\0\x04\0\0\0\x02\0\0\0\x60\x11\0\0\0\0\0\0\x04\0\0\0\x02\0\0\0\x70\x11\0\0\0\
\0\0\0\x04\0\0\0\x02\0\0\0\x80\x11\0\0\0\0\0\0\x04\0\0\0\x02\0\0\0\x90\x11\0\0\
\0\0\0\0\x04\0\0\0\x02\0\0\0\xa0\x11\0\0\0\0\0\0\x04\0\0\0\x02\0\0\0\xb0\x11\0\
\0\0\0\0\0\x04\0\0\0\x02\0\0\0\xc0\x11\0\0\0\0\0\0\x04\0\0\0\x02\0\0\0\xd0\x11\
\0\0\0\0\0\0\x04\0\0\0\x02\0\0\0\xe0\x11\0\0\0\0\0\0\x04\0\0\0\x02\0\0\0\xf0\
\x11\0\0\0\0\0\0\x04\0\0\0\x02\0\0\0\0\x12\0\0\0\0\0\0\x04\0\0\0\x02\0\0\0\x10\
\x12\0\0\0\0\0\0\x04\0\0\0\x02\0\0\0\x20\x12\0\0\0\0\0\0\x04\0\0\0\x02\0\0\0\
\x30\x12\0\0\0\0\0\0\x04\0\0\0\x02\0\0\0\x40\x12\0\0\0\0\0\0\x04\0\0\0\x02\0\0\
\0\x50\x12\0\0\0\0\0\0\x04\0\0\0\x02\0\0\0\x60\x12\0\0\0\0\0\0\x04\0\0\0\x02\0\
\0\0\x70\x12\0\0\0\0\0\0\x04\0\0\0\x02\0\0\0\x80\x12\0\0\0\0\0\0\x04\0\0\0\x02\
\0\0\0\x90\x12\0\0\0\0\0\0\x04\0\0\0\x02\0\0\0\xa0\x12\0\0\0\0\0\0\x04\0\0\0\
\x02\0\0\0\xb0\x12\0\0\0\0\0\0\x04\0\0\0\x02\0\0\0\xc0\x12\0\0\0\0\0\0\x04\0\0\
\0\x02\0\0\0\xd0\x12\0\0\0\0\0\0\x04\0\0\0\x02\0\0\0\xe0\x12\0\0\0\0\0\0\x04\0\
\0\0\x02\0\0\0\xf0\x12\0\0\0\0\0\0\x04\0\0\0\x02\0\0\0\0\x13\0\0\0\0\0\0\x04\0\
\0\0\x02\0\0\0\x10\x13\0\0\0\0\0\0\x04\0\0\0\x02\0\0\0\x20\x13\0\0\0\0\0\0\x04\
\0\0\0\x02\0\0\0\x30\x13\0\0\0\0\0\0\x04\0\0\0\x02\0\0\0\x40\x13\0\0\0\0\0\0\
\x04\0\0\0\x02\0\0\0\x50\x13\0\0\0\0\0\0\x04\0\0\0\x02\0\0\0\x60\x13\0\0\0\0\0\
\0\x04\0\0\0\x02\0\0\0\x70\x13\0\0\0\0\0\0\x04\0\0\0\x02\0\0\0\x80\x13\0\0\0\0\
\0\0\x04\0\0\0\x02\0\0\0\x90\x13\0\0\0\0\0\0\x04\0\0\0\x02\0\0\0\xa0\x13\0\0\0\
\0\0\0\x04\0\0\0\x02\0\0\0\xb0\x13\0\0\0\0\0\0\x04\0\0\0\x02\0\0\0\xc0\x13\0\0\
\0\0\0\0\x04\0\0\0\x02\0\0\0\xd0\x13\0\0\0\0\0\0\x04\0\0\0\x02\0\0\0\xe0\x13\0\
\0\0\0\0\0\x04\0\0\0\x02\0\0\0\xf0\x13\0\0\0\0\0\0\x04\0\0\0\x02\0\0\0\0\x14\0\
\0\0\0\0\0\x04\0\0\0\x02\0\0\0\x10\x14\0\0\0\0\0\0\x04\0\0\0\x02\0\0\0\x20\x14\
\0\0\0\0\0\0\x04\0\0\0\x02\0\0\0\x30\x14\0\0\0\0\0\0\x04\0\0\0\x02\0\0\0\x40\
\x14\0\0\0\0\0\0\x04\0\0\0\x02\0\0\0\x50\x14\0\0\0\0\0\0\x04\0\0\0\x02\0\0\0\
\x60\x14\0\0\0\0\0\0\x04\0\0\0\x02\0\0\0\x70\x14\0\0\0\0\0\0\x04\0\0\0\x02\0\0\
\0\x80\x14\0\0\0\0\0\0\x04\0\0\0\x02\0\0\0\x90\x14\0\0\0\0\0\0\x04\0\0\0\x02\0\
\0\0\xa0\x14\0\0\0\0\0\0\x04\0\0\0\x02\0\0\0\xb0\x14\0\0\0\0\0\0\x04\0\0\0\x02\
\0\0\0\xc0\x14\0\0\0\0\0\0\x04\0\0\0\x02\0\0\0\xd0\x14\0\0\0\0\0\0\x04\0\0\0\
\x02\0\0\0\xe0\x14\0\0\0\0\0\0\x04\0\0\0\x02\0\0\0\xf0\x14\0\0\0\0\0\0\x04\0\0\
\0\x02\0\0\0\0\x15\0\0\0\0\0\0\x04\0\0\0\x02\0\0\0\x10\x15\0\0\0\0\0\0\x04\0\0\
\0\x02\0\0\0\x20\x15\0\0\0\0\0\0\x04\0\0\0\x02\0\0\0\x30\x15\0\0\0\0\0\0\x04\0\
\0\0\x02\0\0\0\x40\x15\0\0\0\0\0\0\x04\0\0\0\x02\0\0\0\x50\x15\0\0\0\0\0\0\x04\
\0\0\0\x02\0\0\0\x60\x15\0\0\0\0\0\0\x04\0\0\0\x02\0\0\0\x70\x15\0\0\0\0\0\0\
\x04\0\0\0\x02\0\0\0\x80\x15\0\0\0\0\0\0\x04\0\0\0\x02\0\0\0\x90\x15\0\0\0\0\0\
\0\x04\0\0\0\x02\0\0\0\xa0\x15\0\0\0\0\0\0\x04\0\0\0\x02\0\0\0\xb0\x15\0\0\0\0\
\0\0\x04\0\0\0\x02\0\0\0\xc0\x15\0\0\0\0\0\0\x04\0\0\0\x02\0\0\0\xd0\x15\0\0\0\
\0\0\0\x04\0\0\0\x02\0\0\0\xe0\x15\0\0\0\0\0\0\x04\0\0\0\x02\0\0\0\xf0\x15\0\0\
\0\0\0\0\x04\0\0\0\x02\0\0\0\0\x16\0\0\0\0\0\0\x04\0\0\0\x02\0\0\0\x10\x16\0\0\
\0\0\0\0\x04\0\0\0\x02\0\0\0\x20\x16\0\0\0\0\0\0\x04\0\0\0\x02\0\0\0\x30\x16\0\
\0\0\0\0\0\x04\0\0\0\x02\0\0\0\x40\x16\0\0\0\0\0\0\x04\0\0\0\x02\0\0\0\x50\x16\
\0\0\0\0\0\0\x04\0\0\0\x02\0\0\0\x60\x16\0\0\0\0\0\0\x04\0\0\0\x02\0\0\0\x70\
\x16\0\0\0\0\0\0\x04\0\0\0\x02\0\0\0\x80\x16\0\0\0\0\0\0\x04\0\0\0\x02\0\0\0\
\x90\x16\0\0\0\0\0\0\x04\0\0\0\x02\0\0\0\xa0\x16\0\0\0\0\0\0\x04\0\0\0\x02\0\0\
\0\xb0\x16\0\0\0\0\0\0\x04\0\0\0\x02\0\0\0\xc0\x16\0\0\0\0\0\0\x04\0\0\0\x02\0\
\0\0\xd0\x16\0\0\0\0\0\0\x04\0\0\0\x02\0\0\0\xe0\x16\0\0\0\0\0\0\x04\0\0\0\x02\
\0\0\0\xf0\x16\0\0\0\0\0\0\x04\0\0\0\x02\0\0\0\0\x17\0\0\0\0\0\0\x04\0\0\0\x02\
\0\0\0\x10\x17\0\0\0\0\0\0\x04\0\0\0\x02\0\0\0\x20\x17\0\0\0\0\0\0\x04\0\0\0\
\x02\0\0\0\x30\x17\0\0\0\0\0\0\x04\0\0\0\x02\0\0\0\x40\x17\0\0\0\0\0\0\x04\0\0\
\0\x02\0\0\0\x50\x17\0\0\0\0\0\0\x04\0\0\0\x02\0\0\0\x60\x17\0\0\0\0\0\0\x04\0\
\0\0\x02\0\0\0\x70\x17\0\0\0\0\0\0\x04\0\0\0\x02\0\0\0\x80\x17\0\0\0\0\0\0\x04\
\0\0\0\x02\0\0\0\x90\x17\0\0\0\0\0\0\x04\0\0\0\x02\0\0\0\xa0\x17\0\0\0\0\0\0\
\x04\0\0\0\x02\0\0\0\xb0\x17\0\0\0\0\0\0\x04\0\0\0\x02\0\0\0\xc0\x17\0\0\0\0\0\
\0\x04\0\0\0\x02\0\0\0\xd0\x17\0\0\0\0\0\0\x04\0\0\0\x02\0\0\0\xe0\x17\0\0\0\0\
\0\0\x04\0\0\0\x02\0\0\0\xf0\x17\0\0\0\0\0\0\x04\0\0\0\x02\0\0\0\0\x18\0\0\0\0\
\0\0\x04\0\0\0\x02\0\0\0\x10\x18\0\0\0\0\0\0\x04\0\0\0\x02\0\0\0\x20\x18\0\0\0\
\0\0\0\x04\0\0\0\x02\0\0\0\x30\x18\0\0\0\0\0\0\x04\0\0\0\x02\0\0\0\x40\x18\0\0\
\0\0\0\0\x04\0\0\0\x02\0\0\0\x50\x18\0\0\0\0\0\0\x04\0\0\0\x02\0\0\0\x60\x18\0\
\0\0\0\0\0\x04\0\0\0\x02\0\0\0\x70\x18\0\0\0\0\0\0\x04\0\0\0\x02\0\0\0\x80\x18\
\0\0\0\0\0\0\x04\0\0\0\x02\0\0\0\x90\x18\0\0\0\0\0\0\x04\0\0\0\x02\0\0\0\xa0\
\x18\0\0\0\0\0\0\x04\0\0\0\x02\0\0\0\xb0\x18\0\0\0\0\0\0\x04\0\0\0\x02\0\0\0\
\xc0\x18\0\0\0\0\0\0\x04\0\0\0\x02\0\0\0\xd0\x18\0\0\0\0\0\0\x04\0\0\0\x02\0\0\
\0\xe0\x18\0\0\0\0\0\0\x04\0\0\0\x02\0\0\0\xf0\x18\0\0\0\0\0\0\x04\0\0\0\x02\0\
\0\0\0\x19\0\0\0\0\0\0\x04\0\0\0\x02\0\0\0\x10\x19\0\0\0\0\0\0\x04\0\0\0\x02\0\
\0\0\x20\x19\0\0\0\0\0\0\x04\0\0\0\x02\0\0\0\x30\x19\0\0\0\0\0\0\x04\0\0\0\x02\
\0\0\0\x40\x19\0\0\0\0\0\0\x04\0\0\0\x02\0\0\0\x50\x19\0\0\0\0\0\0\x04\0\0\0\
\x02\0\0\0\x60\x19\0\0\0\0\0\0\x04\0\0\0\x02\0\0\0\x70\x19\0\0\0\0\0\0\x04\0\0\
\0\x02\0\0\0\x80\x19\0\0\0\0\0\0\x04\0\0\0\x02\0\0\0\x90\x19\0\0\0\0\0\0\x04\0\
\0\0\x02\0\0\0\xa0\x19\0\0\0\0\0\0\x04\0\0\0\x02\0\0\0\xb0\x19\0\0\0\0\0\0\x04\
\0\0\0\x02\0\0\0\xc0\x19\0\0\0\0\0\0\x04\0\0\0\x02\0\0\0\xd0\x19\0\0\0\0\0\0\
\x04\0\0\0\x02\0\0\0\xe0\x19\0\0\0\0\0\0\x04\0\0\0\x02\0\0\0\xf0\x19\0\0\0\0\0\
\0\x04\0\0\0\x02\0\0\0\0\x1a\0\0\0\0\0\0\x04\0\0\0\x02\0\0\0\x10\x1a\0\0\0\0\0\
\0\x04\0\0\0\x02\0\0\0\x20\x1a\0\0\0\0\0\0\x04\0\0\0\x02\0\0\0\x30\x1a\0\0\0\0\
\0\0\x04\0\0\0\x02\0\0\0\x40\x1a\0\0\0\0\0\0\x04\0\0\0\x02\0\0\0\x50\x1a\0\0\0\
\0\0\0\x04\0\0\0\x02\0\0\0\x60\x1a\0\0\0\0\0\0\x04\0\0\0\x02\0\0\0\x70\x1a\0\0\
\0\0\0\0\x04\0\0\0\x02\0\0\0\x80\x1a\0\0\0\0\0\0\x04\0\0\0\x02\0\0\0\x90\x1a\0\
\0\0\0\0\0\x04\0\0\0\x02\0\0\0\xa0\x1a\0\0\0\0\0\0\x04\0\0\0\x02\0\0\0\xb0\x1a\
\0\0\0\0\0\0\x04\0\0\0\x02\0\0\0\xc0\x1a\0\0\0\0\0\0\x04\0\0\0\x02\0\0\0\xd0\
\x1a\0\0\0\0\0\0\x04\0\0\0\x02\0\0\0\xe0\x1a\0\0\0\0\0\0\x04\0\0\0\x02\0\0\0\
\xf0\x1a\0\0\0\0\0\0\x04\0\0\0\x02\0\0\0\0\x1b\0\0\0\0\0\0\x04\0\0\0\x02\0\0\0\
\x10\x1b\0\0\0\0\0\0\x04\0\0\0\x02\0\0\0\x20\x1b\0\0\0\0\0\0\x04\0\0\0\x02\0\0\
\0\x30\x1b\0\0\0\0\0\0\x04\0\0\0\x02\0\0\0\x40\x1b\0\0\0\0\0\0\x04\0\0\0\x02\0\
\0\0\x50\x1b\0\0\0\0\0\0\x04\0\0\0\x02\0\0\0\x60\x1b\0\0\0\0\0\0\x04\0\0\0\x02\
\0\0\0\x70\x1b\0\0\0\0\0\0\x04\0\0\0\x02\0\0\0\x80\x1b\0\0\0\0\0\0\x04\0\0\0\
\x02\0\0\0\x90\x1b\0\0\0\0\0\0\x04\0\0\0\x02\0\0\0\xa0\x1b\0\0\0\0\0\0\x04\0\0\
\0\x02\0\0\0\xb0\x1b\0\0\0\0\0\0\x04\0\0\0\x02\0\0\0\xc0\x1b\0\0\0\0\0\0\x04\0\
\0\0\x02\0\0\0\xd0\x1b\0\0\0\0\0\0\x04\0\0\0\x02\0\0\0\xe0\x1b\0\0\0\0\0\0\x04\
\0\0\0\x02\0\0\0\xf0\x1b\0\0\0\0\0\0\x04\0\0\0\x02\0\0\0\0\x1c\0\0\0\0\0\0\x04\
\0\0\0\x02\0\0\0\x10\x1c\0\0\0\0\0\0\x04\0\0\0\x02\0\0\0\x20\x1c\0\0\0\0\0\0\
\x04\0\0\0\x02\0\0\0\x30\x1c\0\0\0\0\0\0\x04\0\0\0\x02\0\0\0\x40\x1c\0\0\0\0\0\
\0\x04\0\0\0\x02\0\0\0\x50\x1c\0\0\0\0\0\0\x04\0\0\0\x02\0\0\0\x60\x1c\0\0\0\0\
\0\0\x04\0\0\0\x02\0\0\0\x70\x1c\0\0\0\0\0\0\x04\0\0\0\x02\0\0\0\x80\x1c\0\0\0\
\0\0\0\x04\0\0\0\x02\0\0\0\x90\x1c\0\0\0\0\0\0\x04\0\0\0\x02\0\0\0\xa0\x1c\0\0\
\0\0\0\0\x04\0\0\0\x02\0\0\0\xb0\x1c\0\0\0\0\0\0\x04\0\0\0\x02\0\0\0\xc0\x1c\0\
\0\0\0\0\0\x04\0\0\0\x02\0\0\0\xd0\x1c\0\0\0\0\0\0\x04\0\0\0\x02\0\0\0\xe0\x1c\
\0\0\0\0\0\0\x04\0\0\0\x02\0\0\0\xf0\x1c\0\0\0\0\0\0\x04\0\0\0\x02\0\0\0\0\x1d\
\0\0\0\0\0\0\x04\0\0\0\x02\0\0\0\x10\x1d\0\0\0\0\0\0\x04\0\0\0\x02\0\0\0\x20\
\x1d\0\0\0\0\0\0\x04\0\0\0\x02\0\0\0\x30\x1d\0\0\0\0\0\0\x04\0\0\0\x02\0\0\0\
\x40\x1d\0\0\0\0\0\0\x04\0\0\0\x02\0\0\0\x50\x1d\0\0\0\0\0\0\x04\0\0\0\x02\0\0\
\0\x60\x1d\0\0\0\0\0\0\x04\0\0\0\x02\0\0\0\x70\x1d\0\0\0\0\0\0\x04\0\0\0\x02\0\
\0\0\x80\x1d\0\0\0\0\0\0\x04\0\0\0\x02\0\0\0\x90\x1d\0\0\0\0\0\0\x04\0\0\0\x02\
\0\0\0\xa0\x1d\0\0\0\0\0\0\x04\0\0\0\x02\0\0\0\xb0\x1d\0\0\0\0\0\0\x04\0\0\0\
\x02\0\0\0\xc0\x1d\0\0\0\0\0\0\x04\0\0\0\x02\0\0\0\xd0\x1d\0\0\0\0\0\0\x04\0\0\
\0\x02\0\0\0\xe0\x1d\0\0\0\0\0\0\x04\0\0\0\x02\0\0\0\xf0\x1d\0\0\0\0\0\0\x04\0\
\0\0\x02\0\0\0\0\x1e\0\0\0\0\0\0\x04\0\0\0\x02\0\0\0\x10\x1e\0\0\0\0\0\0\x04\0\
\0\0\x02\0\0\0\x20\x1e\0\0\0\0\0\0\x04\0\0\0\x02\0\0\0\x30\x1e\0\0\0\0\0\0\x04\
\0\0\0\x02\0\0\0\x40\x1e\0\0\0\0\0\0\x04\0\0\0\x02\0\0\0\x50\x1e\0\0\0\0\0\0\
\x04\0\0\0\x02\0\0\0\x60\x1e\0\0\0\0\0\0\x04\0\0\0\x02\0\0\0\x70\x1e\0\0\0\0\0\
\0\x04\0\0\0\x02\0\0\0\x80\x1e\0\0\0\0\0\0\x04\0\0\0\x02\0\0\0\x90\x1e\0\0\0\0\
\0\0\x04\0\0\0\x02\0\0\0\xa0\x1e\0\0\0\0\0\0\x04\0\0\0\x02\0\0\0\xb0\x1e\0\0\0\
\0\0\0\x04\0\0\0\x02\0\0\0\xcc\x1e\0\0\0\0\0\0\x04\0\0\0\x02\0\0\0\xdc\x1e\0\0\
\0\0\0\0\x04\0\0\0\x02\0\0\0\x14\0\0\0\0\0\0\0\x03\0\0\0\x22\0\0\0\x18\0\0\0\0\
\0\0\0\x02\0\0\0\x02\0\0\0\x22\0\0\0\0\0\0\0\x03\0\0\0\x24\0\0\0\x26\0\0\0\0\0\
\0\0\x03\0\0\0\x24\0\0\0\x2a\0\0\0\0\0\0\0\x03\0\0\0\x24\0\0\0\x36\0\0\0\0\0\0\
\0\x03\0\0\0\x24\0\0\0\x4b\0\0\0\0\0\0\0\x03\0\0\0\x24\0\0\0\x60\0\0\0\0\0\0\0\
\x03\0\0\0\x24\0\0\0\x75\0\0\0\0\0\0\0\x03\0\0\0\x24\0\0\0\x8a\0\0\0\0\0\0\0\
\x03\0\0\0\x24\0\0\0\xa4\0\0\0\0\0\0\0\x02\0\0\0\x02\0\0\0\x25\x29\x26\x27\x28\
\x0a\x0c\x0e\x10\x14\x16\x18\x1a\0\x6d\x61\x70\x5f\x72\x65\x67\x69\x73\x74\x72\
\x79\0\x2e\x64\x65\x62\x75\x67\x5f\x61\x62\x62\x72\x65\x76\0\x2e\x74\x65\x78\
\x74\0\x2e\x72\x65\x6c\x2e\x42\x54\x46\x2e\x65\x78\x74\0\x68\x61\x6e\x64\x6c\
\x65\x5f\x73\x77\x69\x74\x63\x68\x2e\x5f\x5f\x5f\x5f\x66\x6d\x74\0\x76\x63\x70\
\x75\x73\0\x2e\x64\x65\x62\x75\x67\x5f\x72\x6e\x67\x6c\x69\x73\x74\x73\0\x2e\
\x64\x65\x62\x75\x67\x5f\x6c\x6f\x63\x6c\x69\x73\x74\x73\0\x2e\x72\x65\x6c\x2e\
\x64\x65\x62\x75\x67\x5f\x73\x74\x72\x5f\x6f\x66\x66\x73\x65\x74\x73\0\x2e\x6d\
\x61\x70\x73\0\x76\x6d\x73\0\x2e\x64\x65\x62\x75\x67\x5f\x73\x74\x72\0\x2e\x64\
\x65\x62\x75\x67\x5f\x6c\x69\x6e\x65\x5f\x73\x74\x72\0\x2e\x72\x65\x6c\x2e\x64\
\x65\x62\x75\x67\x5f\x61\x64\x64\x72\0\x2e\x72\x65\x6c\x2e\x64\x65\x62\x75\x67\
\x5f\x69\x6e\x66\x6f\0\x68\x61\x6e\x64\x6c\x65\x5f\x73\x77\x69\x74\x63\x68\0\
\x2e\x72\x65\x6c\x74\x70\x2f\x73\x63\x68\x65\x64\x2f\x73\x63\x68\x65\x64\x5f\
\x73\x77\x69\x74\x63\x68\0\x2e\x6c\x6c\x76\x6d\x5f\x61\x64\x64\x72\x73\x69\x67\
\0\x6c\x69\x63\x65\x6e\x73\x65\0\x2e\x72\x65\x6c\x2e\x64\x65\x62\x75\x67\x5f\
\x6c\x69\x6e\x65\0\x2e\x72\x65\x6c\x2e\x64\x65\x62\x75\x67\x5f\x66\x72\x61\x6d\
\x65\0\x63\x72\x65\x61\x74\x65\x5f\x6d\x61\x70\x73\x2e\x62\x70\x66\x2e\x63\0\
\x2e\x73\x74\x72\x74\x61\x62\0\x2e\x73\x79\x6d\x74\x61\x62\0\x2e\x72\x6f\x64\
\x61\x74\x61\0\x2e\x72\x65\x6c\x2e\x42\x54\x46\0\x4c\x49\x43\x45\x4e\x53\x45\0\
\x4c\x42\x42\x30\x5f\x39\0\x4c\x42\x42\x30\x5f\x31\x34\x39\0\x4c\x42\x42\x30\
\x5f\x38\0\x4c\x42\x42\x30\x5f\x37\x38\0\x4c\x42\x42\x30\x5f\x31\x34\x37\0\x68\
\x61\x6e\x64\x6c\x65\x5f\x73\x77\x69\x74\x63\x68\x2e\x5f\x5f\x5f\x5f\x66\x6d\
\x74\x2e\x37\0\x4c\x42\x42\x30\x5f\x36\0\x68\x61\x6e\x64\x6c\x65\x5f\x73\x77\
\x69\x74\x63\x68\x2e\x5f\x5f\x5f\x5f\x66\x6d\x74\x2e\x36\0\x4c\x42\x42\x30\x5f\
\x37\x35\0\x4c\x42\x42\x30\x5f\x31\x35\x35\0\x4c\x42\x42\x30\x5f\x31\x34\x35\0\
\x68\x61\x6e\x64\x6c\x65\x5f\x73\x77\x69\x74\x63\x68\x2e\x5f\x5f\x5f\x5f\x66\
\x6d\x74\x2e\x35\0\x4c\x42\x42\x30\x5f\x34\0\x4c\x42\x42\x30\x5f\x31\x35\x34\0\
\x68\x61\x6e\x64\x6c\x65\x5f\x73\x77\x69\x74\x63\x68\x2e\x5f\x5f\x5f\x5f\x66\
\x6d\x74\x2e\x34\0\x4c\x42\x42\x30\x5f\x37\x33\0\x68\x61\x6e\x64\x6c\x65\x5f\
\x73\x77\x69\x74\x63\x68\x2e\x5f\x5f\x5f\x5f\x66\x6d\x74\x2e\x33\0\x4c\x42\x42\
\x30\x5f\x31\x35\x32\0\x68\x61\x6e\x64\x6c\x65\x5f\x73\x77\x69\x74\x63\x68\x2e\
\x5f\x5f\x5f\x5f\x66\x6d\x74\x2e\x32\0\x4c\x42\x42\x30\x5f\x38\x31\0\x4c\x42\
\x42\x30\x5f\x37\x31\0\x68\x61\x6e\x64\x6c\x65\x5f\x73\x77\x69\x74\x63\x68\x2e\
\x5f\x5f\x5f\x5f\x66\x6d\x74\x2e\x31\0\x4c\x42\x42\x30\x5f\x38\x30\0\0\0\0\0\0\
\0\0\0\0\0\0\0\0\0\0\0\0\0\0\0\0\0\0\0\0\0\0\0\0\0\0\0\0\0\0\0\0\0\0\0\0\0\0\0\
\0\0\0\0\0\0\0\0\0\0\0\0\0\0\0\0\0\0\0\0\x38\x01\0\0\x03\0\0\0\0\0\0\0\0\0\0\0\
\0\0\0\0\0\0\0\0\xe5\x96\0\0\0\0\0\0\x8b\x02\0\0\0\0\0\0\0\0\0\0\0\0\0\0\x01\0\
\0\0\0\0\0\0\0\0\0\0\0\0\0\0\x1c\0\0\0\x01\0\0\0\x06\0\0\0\0\0\0\0\0\0\0\0\0\0\
\0\0\x40\0\0\0\0\0\0\0\0\0\0\0\0\0\0\0\0\0\0\0\0\0\0\0\x04\0\0\0\0\0\0\0\0\0\0\
\0\0\0\0\0\xd9\0\0\0\x01\0\0\0\x06\0\0\0\0\0\0\0\0\0\0\0\0\0\0\0\x40\0\0\0\0\0\
\0\0\xb8\x1b\0\0\0\0\0\0\0\0\0\0\0\0\0\0\x08\0\0\0\0\0\0\0\0\0\0\0\0\0\0\0\xd5\
\0\0\0\x09\0\0\0\x40\0\0\0\0\0\0\0\0\0\0\0\0\0\0\0\xb8\x6e\0\0\0\0\0\0\x40\x01\
\0\0\0\0\0\0\x1c\0\0\0\x03\0\0\0\x08\0\0\0\0\0\0\0\x10\0\0\0\0\0\0\0\xfd\0\0\0\
\x01\0\0\0\x03\0\0\0\0\0\0\0\0\0\0\0\0\0\0\0\xf8\x1b\0\0\0\0\0\0\x04\0\0\0\0\0\
\0\0\0\0\0\0\0\0\0\0\x01\0\0\0\0\0\0\0\0\0\0\0\0\0\0\0\x82\0\0\0\x01\0\0\0\x03\
\0\0\0\0\0\0\0\0\0\0\0\0\0\0\0\0\x1c\0\0\0\0\0\0\x60\0\0\0\0\0\0\0\0\0\0\0\0\0\
\0\0\x08\0\0\0\0\0\0\0\0\0\0\0\0\0\0\0\x48\x01\0\0\x01\0\0\0\x02\0\0\0\0\0\0\0\
\0\0\0\0\0\0\0\0\x60\x1c\0\0\0\0\0\0\x68\x01\0\0\0\0\0\0\0\0\0\0\0\0\0\0\x01\0\
\0\0\0\0\0\0\0\0\0\0\0\0\0\0\x5b\0\0\0\x01\0\0\0\0\0\0\0\0\0\0\0\0\0\0\0\0\0\0\
\0\xc8\x1d\0\0\0\0\0\0\xcc\x05\0\0\0\0\0\0\0\0\0\0\0\0\0\0\x01\0\0\0\0\0\0\0\0\
\0\0\0\0\0\0\0\x0e\0\0\0\x01\0\0\0\0\0\0\0\0\0\0\0\0\0\0\0\0\0\0\0\x94\x23\0\0\
\0\0\0\0\xeb\x01\0\0\0\0\0\0\0\0\0\0\0\0\0\0\x01\0\0\0\0\0\0\0\0\0\0\0\0\0\0\0\
\xbb\0\0\0\x01\0\0\0\0\0\0\0\0\0\0\0\0\0\0\0\0\0\0\0\x7f\x25\0\0\0\0\0\0\x57\
\x05\0\0\0\0\0\0\0\0\0\0\0\0\0\0\x01\0\0\0\0\0\0\0\0\0\0\0\0\0\0\0\xb7\0\0\0\
\x09\0\0\0\x40\0\0\0\0\0\0\0\0\0\0\0\0\0\0\0\xf8\x6f\0\0\0\0\0\0\x60\0\0\0\0\0\
\0\0\x1c\0\0\0\x0a\0\0\0\x08\0\0\0\0\0\0\0\x10\0\0\0\0\0\0\0\x4b\0\0\0\x01\0\0\
\0\0\0\0\0\0\0\0\0\0\0\0\0\0\0\0\0\xd6\x2a\0\0\0\0\0\0\x34\0\0\0\0\0\0\0\0\0\0\
\0\0\0\0\0\x01\0\0\0\0\0\0\0\0\0\0\0\0\0\0\0\x6f\0\0\0\x01\0\0\0\0\0\0\0\0\0\0\
\0\0\0\0\0\0\0\0\0\x0a\x2b\0\0\0\0\0\0\x5c\x01\0\0\0\0\0\0\0\0\0\0\0\0\0\0\x01\
\0\0\0\0\0\0\0\0\0\0\0\0\0\0\0\x6b\0\0\0\x09\0\0\0\x40\0\0\0\0\0\0\0\0\0\0\0\0\
\0\0\0\x58\x70\0\0\0\0\0\0\x50\x05\0\0\0\0\0\0\x1c\0\0\0\x0d\0\0\0\x08\0\0\0\0\
\0\0\0\x10\0\0\0\0\0\0\0\x8c\0\0\0\x01\0\0\0\x30\0\0\0\0\0\0\0\0\0\0\0\0\0\0\0\
\x66\x2c\0\0\0\0\0\0\xbb\x03\0\0\0\0\0\0\0\0\0\0\0\0\0\0\x01\0\0\0\0\0\0\0\x01\
\0\0\0\0\0\0\0\xab\0\0\0\x01\0\0\0\0\0\0\0\0\0\0\0\0\0\0\0\0\0\0\0\x21\x30\0\0\
\0\0\0\0\x90\0\0\0\0\0\0\0\0\0\0\0\0\0\0\0\x01\0\0\0\0\0\0\0\0\0\0\0\0\0\0\0\
\xa7\0\0\0\x09\0\0\0\x40\0\0\0\0\0\0\0\0\0\0\0\0\0\0\0\xa8\x75\0\0\0\0\0\0\x10\
\x01\0\0\0\0\0\0\x1c\0\0\0\x10\0\0\0\x08\0\0\0\0\0\0\0\x10\0\0\0\0\0\0\0\x54\
\x01\0\0\x01\0\0\0\0\0\0\0\0\0\0\0\0\0\0\0\0\0\0\0\xb4\x30\0\0\0\0\0\0\xa6\x0f\
\0\0\0\0\0\0\0\0\0\0\0\0\0\0\x04\0\0\0\0\0\0\0\0\0\0\0\0\0\0\0\x50\x01\0\0\x09\
\0\0\0\x40\0\0\0\0\0\0\0\0\0\0\0\0\0\0\0\xb8\x76\0\0\0\0\0\0\xc0\0\0\0\0\0\0\0\
\x1c\0\0\0\x12\0\0\0\x08\0\0\0\0\0\0\0\x10\0\0\0\0\0\0\0\x26\0\0\0\x01\0\0\0\0\
\0\0\0\0\0\0\0\0\0\0\0\0\0\0\0\x5c\x40\0\0\0\0\0\0\xec\x1e\0\0\0\0\0\0\0\0\0\0\
\0\0\0\0\x04\0\0\0\0\0\0\0\0\0\0\0\0\0\0\0\x22\0\0\0\x09\0\0\0\x40\0\0\0\0\0\0\
\0\0\0\0\0\0\0\0\0\x78\x77\0\0\0\0\0\0\xb0\x1e\0\0\0\0\0\0\x1c\0\0\0\x14\0\0\0\
\x08\0\0\0\0\0\0\0\x10\0\0\0\0\0\0\0\x19\x01\0\0\x01\0\0\0\0\0\0\0\0\0\0\0\0\0\
\0\0\0\0\0\0\x48\x5f\0\0\0\0\0\0\x28\0\0\0\0\0\0\0\0\0\0\0\0\0\0\0\x08\0\0\0\0\
\0\0\0\0\0\0\0\0\0\0\0\x15\x01\0\0\x09\0\0\0\x40\0\0\0\0\0\0\0\0\0\0\0\0\0\0\0\
\x28\x96\0\0\0\0\0\0\x20\0\0\0\0\0\0\0\x1c\0\0\0\x16\0\0\0\x08\0\0\0\0\0\0\0\
\x10\0\0\0\0\0\0\0\x09\x01\0\0\x01\0\0\0\0\0\0\0\0\0\0\0\0\0\0\0\0\0\0\0\x70\
\x5f\0\0\0\0\0\0\x99\x0a\0\0\0\0\0\0\0\0\0\0\0\0\0\0\x01\0\0\0\0\0\0\0\0\0\0\0\
\0\0\0\0\x05\x01\0\0\x09\0\0\0\x40\0\0\0\0\0\0\0\0\0\0\0\0\0\0\0\x48\x96\0\0\0\
\0\0\0\x90\0\0\0\0\0\0\0\x1c\0\0\0\x18\0\0\0\x08\0\0\0\0\0\0\0\x10\0\0\0\0\0\0\
\0\x97\0\0\0\x01\0\0\0\x30\0\0\0\0\0\0\0\0\0\0\0\0\0\0\0\x09\x6a\0\0\0\0\0\0\
\xbc\0\0\0\0\0\0\0\0\0\0\0\0\0\0\0\x01\0\0\0\0\0\0\0\x01\0\0\0\0\0\0\0\xef\0\0\
\0\x03\x4c\xff\x6f\0\0\0\x80\0\0\0\0\0\0\0\0\0\0\0\0\xd8\x96\0\0\0\0\0\0\x0d\0\
\0\0\0\0\0\0\x1c\0\0\0\0\0\0\0\x01\0\0\0\0\0\0\0\0\0\0\0\0\0\0\0\x40\x01\0\0\
\x02\0\0\0\0\0\0\0\0\0\0\0\0\0\0\0\0\0\0\0\xc8\x6a\0\0\0\0\0\0\xf0\x03\0\0\0\0\
\0\0\x01\0\0\0\x25\0\0\0\x08\0\0\0\0\0\0\0\x18\0\0\0\0\0\0\0";

	*sz = sizeof(data) - 1;
	return (const void *)data;
}

#ifdef __cplusplus
struct create_maps_bpf *create_maps_bpf::open(const struct bpf_object_open_opts *opts) { return create_maps_bpf__open_opts(opts); }
struct create_maps_bpf *create_maps_bpf::open_and_load() { return create_maps_bpf__open_and_load(); }
int create_maps_bpf::load(struct create_maps_bpf *skel) { return create_maps_bpf__load(skel); }
int create_maps_bpf::attach(struct create_maps_bpf *skel) { return create_maps_bpf__attach(skel); }
void create_maps_bpf::detach(struct create_maps_bpf *skel) { create_maps_bpf__detach(skel); }
void create_maps_bpf::destroy(struct create_maps_bpf *skel) { create_maps_bpf__destroy(skel); }
const void *create_maps_bpf::elf_bytes(size_t *sz) { return create_maps_bpf__elf_bytes(sz); }
#endif /* __cplusplus */

__attribute__((unused)) static void
create_maps_bpf__assert(struct create_maps_bpf *s __attribute__((unused)))
{
#ifdef __cplusplus
#define _Static_assert static_assert
#endif
#ifdef __cplusplus
#undef _Static_assert
#endif
}

#endif /* __CREATE_MAPS_BPF_SKEL_H__ */
